level,file,issue,metric,n
SEC,2024_SEE_DIP_FED_MR_NAL_SEC.csv,missing_in_warehouse,CAND_IND1,70330
SEC,2024_SEE_DIP_FED_MR_NAL_SEC.csv,missing_in_warehouse,CAND_IND2,70322
MUN,2024_SEE_DIP_FED_MR_NAL_MUN.csv,missing_in_warehouse,CAND_IND1,2474
MUN,2024_SEE_DIP_FED_MR_NAL_MUN.csv,missing_in_warehouse,CAND_IND2,2470
SEC,2024_SEE_DIP_FED_RP_NAL_SEC.csv,value_mismatch,CASILLAS,1257
SEC,2024_SEE_SEN_FED_RP_NAL_SEC.csv,value_mismatch,CASILLAS,1257
MUN,2024_SEE_DIP_FED_RP_NAL_MUN.csv,value_mismatch,CASILLAS,577
MUN,2024_SEE_SEN_FED_RP_NAL_MUN.csv,value_mismatch,CASILLAS,577
DIS,2024_SEE_PRE_NAL_DISCAND.csv,value_mismatch,PAN_PRI_PRD,332
DIS,2024_SEE_PRE_NAL_DISCAND.csv,value_mismatch,PVEM_PT_MORENA,332
DIS,2024_SEE_PRE_NAL_DISPP.csv,value_mismatch,MORENA,332
DIS,2024_SEE_PRE_NAL_DISPP.csv,value_mismatch,PAN,332
DIS,2024_SEE_PRE_NAL_DISPP.csv,value_mismatch,PRD,332
DIS,2024_SEE_PRE_NAL_DISPP.csv,value_mismatch,PRI,332
DIS,2024_SEE_PRE_NAL_DISPP.csv,value_mismatch,PT,332
DIS,2024_SEE_PRE_NAL_DISPP.csv,value_mismatch,PVEM,332
DIS,2024_SEE_SEN_FED_MR_NAL_DISPP.csv,value_mismatch,PAN,314
DIS,2024_SEE_SEN_FED_MR_NAL_DISPP.csv,value_mismatch,PRD,314
DIS,2024_SEE_SEN_FED_MR_NAL_DISPP.csv,value_mismatch,PRI,314
SEC,2024_SEE_SEN_FED_MR_NAL_SEC.csv,value_mismatch,MC,308
SEC,2024_SEE_SEN_FED_MR_NAL_SEC.csv,value_mismatch,NUM_VOTOS_VALIDOS,308
SEC,2024_SEE_SEN_FED_MR_NAL_SEC.csv,value_mismatch,PRI,308
SEC,2024_SEE_SEN_FED_MR_NAL_SEC.csv,value_mismatch,PVEM,308
SEC,2024_SEE_SEN_FED_MR_NAL_SEC.csv,value_mismatch,TOTAL_VOTOS,308
SEC,2024_SEE_SEN_FED_MR_NAL_SEC.csv,value_mismatch,MORENA,307
SEC,2024_SEE_SEN_FED_MR_NAL_SEC.csv,value_mismatch,PAN,307
SEC,2024_SEE_SEN_FED_MR_NAL_SEC.csv,value_mismatch,PT,307
DIS,2024_SEE_SEN_FED_MR_NAL_DISCAND.csv,missing_in_warehouse,PAN,305
DIS,2024_SEE_SEN_FED_MR_NAL_DISCAND.csv,missing_in_warehouse,PRD,305
DIS,2024_SEE_SEN_FED_MR_NAL_DISCAND.csv,missing_in_warehouse,PRI,305
DIS,2024_SEE_SEN_FED_MR_NAL_DISCAND.csv,value_mismatch,PAN_PRI_PRD,305
DIS,2024_SEE_SEN_FED_RP_NAL_DISPP.csv,value_mismatch,PAN,305
DIS,2024_SEE_SEN_FED_RP_NAL_DISPP.csv,value_mismatch,PRD,305
DIS,2024_SEE_SEN_FED_RP_NAL_DISPP.csv,value_mismatch,PRI,305
SEC,2024_SEE_SEN_FED_MR_NAL_SEC.csv,value_mismatch,NUM_VOTOS_NULOS,304
DIS,2024_SEE_DIP_FED_RP_NAL_DISPP.csv,value_mismatch,CASILLAS,300
DIS,2024_SEE_SEN_FED_RP_NAL_DISPP.csv,value_mismatch,CASILLAS,300
DIS,2024_SEE_DIP_FED_MR_NAL_DIS.csv,missing_in_warehouse,CAND_IND1,299
DIS,2024_SEE_DIP_FED_MR_NAL_DIS.csv,missing_in_warehouse,CAND_IND2,299
DIS,2024_SEE_DIP_FED_MR_NAL_DISCAND.csv,missing_in_warehouse,CAND_IND1,299
DIS,2024_SEE_DIP_FED_MR_NAL_DISCAND.csv,missing_in_warehouse,CAND_IND2,299
DIS,2024_SEE_DIP_FED_MR_NAL_DISPP.csv,missing_in_warehouse,CAND_IND1,299
DIS,2024_SEE_DIP_FED_MR_NAL_DISPP.csv,missing_in_warehouse,CAND_IND2,299
DIS,2024_SEE_DIP_FED_MR_NAL_DISCAND.csv,missing_in_warehouse,PAN,294
DIS,2024_SEE_DIP_FED_MR_NAL_DISCAND.csv,missing_in_warehouse,PRD,294
DIS,2024_SEE_DIP_FED_MR_NAL_DISCAND.csv,missing_in_warehouse,PRI,294
DIS,2024_SEE_DIP_FED_MR_NAL_DISCAND.csv,value_mismatch,PAN_PRI_PRD,294
DIS,2024_SEE_DIP_FED_MR_NAL_DISPP.csv,value_mismatch,PAN,294
DIS,2024_SEE_DIP_FED_MR_NAL_DISPP.csv,value_mismatch,PRD,294
DIS,2024_SEE_DIP_FED_MR_NAL_DISPP.csv,value_mismatch,PRI,294
DIS,2024_SEE_DIP_FED_RP_NAL_DISPP.csv,value_mismatch,PAN,294
DIS,2024_SEE_DIP_FED_RP_NAL_DISPP.csv,value_mismatch,PRD,294
DIS,2024_SEE_DIP_FED_RP_NAL_DISPP.csv,value_mismatch,PRI,294
SEC,2024_SEE_PRE_NAL_SEC.csv,value_mismatch,CASILLAS,291
DIS,2024_SEE_PRE_NAL_DIS.csv,value_mismatch,CASILLAS,289
DIS,2024_SEE_PRE_NAL_DISCAND.csv,value_mismatch,CASILLAS,289
DIS,2024_SEE_PRE_NAL_DISPP.csv,value_mismatch,CASILLAS,289
DIS,2024_SEE_DIP_FED_MR_NAL_DIS.csv,value_mismatch,CASILLAS,284
DIS,2024_SEE_DIP_FED_MR_NAL_DISCAND.csv,value_mismatch,CASILLAS,284
DIS,2024_SEE_DIP_FED_MR_NAL_DISPP.csv,value_mismatch,CASILLAS,284
DIS,2024_SEE_SEN_FED_MR_NAL_DIS.csv,value_mismatch,CASILLAS,284
DIS,2024_SEE_SEN_FED_MR_NAL_DISCAND.csv,value_mismatch,CASILLAS,284
DIS,2024_SEE_SEN_FED_MR_NAL_DISPP.csv,value_mismatch,CASILLAS,284
SEC,2024_SEE_DIP_FED_MR_NAL_SEC.csv,value_mismatch,CASILLAS,284
SEC,2024_SEE_SEN_FED_MR_NAL_SEC.csv,value_mismatch,CASILLAS,284
DIS,2024_SEE_SEN_FED_MR_NAL_DISPP.csv,value_mismatch,MORENA,279
DIS,2024_SEE_SEN_FED_MR_NAL_DISPP.csv,value_mismatch,PT,279
DIS,2024_SEE_SEN_FED_MR_NAL_DISPP.csv,value_mismatch,PVEM,279
DIS,2024_SEE_DIP_FED_MR_NAL_DISPP.csv,value_mismatch,MORENA,278
DIS,2024_SEE_DIP_FED_MR_NAL_DISPP.csv,value_mismatch,PT,278
DIS,2024_SEE_DIP_FED_MR_NAL_DISPP.csv,value_mismatch,PVEM,278
SEC,2024_SEE_SEN_FED_MR_NAL_SEC.csv,value_mismatch,PRD,271
SEC,2024_SEE_DIP_FED_MR_NAL_SEC.csv,value_mismatch,MC,267
SEC,2024_SEE_DIP_FED_MR_NAL_SEC.csv,value_mismatch,MORENA,267
SEC,2024_SEE_DIP_FED_MR_NAL_SEC.csv,value_mismatch,NUM_VOTOS_VALIDOS,267
SEC,2024_SEE_DIP_FED_MR_NAL_SEC.csv,value_mismatch,TOTAL_VOTOS,267
SEC,2024_SEE_DIP_FED_MR_NAL_SEC.csv,value_mismatch,PVEM,266
SEC,2024_SEE_DIP_FED_MR_NAL_SEC.csv,value_mismatch,NUM_VOTOS_NULOS,265
SEC,2024_SEE_DIP_FED_MR_NAL_SEC.csv,value_mismatch,PAN,265
SEC,2024_SEE_DIP_FED_MR_NAL_SEC.csv,value_mismatch,PRI,265
SEC,2024_SEE_DIP_FED_MR_NAL_SEC.csv,value_mismatch,PT,264
DIS,2024_SEE_DIP_FED_RP_NAL_DISPP.csv,value_mismatch,MORENA,263
DIS,2024_SEE_DIP_FED_RP_NAL_DISPP.csv,value_mismatch,PT,263
DIS,2024_SEE_DIP_FED_RP_NAL_DISPP.csv,value_mismatch,PVEM,263
DIS,2024_SEE_DIP_FED_MR_NAL_DISCAND.csv,missing_in_warehouse,MORENA,260
DIS,2024_SEE_DIP_FED_MR_NAL_DISCAND.csv,missing_in_warehouse,PT,260
DIS,2024_SEE_DIP_FED_MR_NAL_DISCAND.csv,missing_in_warehouse,PVEM,260
DIS,2024_SEE_DIP_FED_MR_NAL_DISCAND.csv,value_mismatch,PVEM_PT_MORENA,260
SEC,2024_SEE_DIP_FED_MR_NAL_SEC.csv,value_mismatch,PRD,242
DIS,2024_SEE_SEN_FED_RP_NAL_DISPP.csv,value_mismatch,MORENA,236
DIS,2024_SEE_SEN_FED_RP_NAL_DISPP.csv,value_mismatch,PT,236
DIS,2024_SEE_SEN_FED_RP_NAL_DISPP.csv,value_mismatch,PVEM,236
MUN,2024_SEE_PRE_NAL_MUN.csv,value_mismatch,CASILLAS,231
DIS,2024_SEE_SEN_FED_MR_NAL_DISCAND.csv,missing_in_warehouse,MORENA,229
DIS,2024_SEE_SEN_FED_MR_NAL_DISCAND.csv,missing_in_warehouse,PT,229
DIS,2024_SEE_SEN_FED_MR_NAL_DISCAND.csv,missing_in_warehouse,PVEM,229
DIS,2024_SEE_SEN_FED_MR_NAL_DISCAND.csv,value_mismatch,PVEM_PT_MORENA,229
MUN,2024_SEE_DIP_FED_MR_NAL_MUN.csv,value_mismatch,CASILLAS,226
MUN,2024_SEE_SEN_FED_MR_NAL_MUN.csv,value_mismatch,CASILLAS,226
SEC,2024_SEE_DIP_FED_MR_NAL_SEC.csv,value_mismatch,PVEM_PT_MORENA,212
SEC,2024_SEE_SEN_FED_MR_NAL_SEC.csv,value_mismatch,PAN_PRI_PRD,211
SEC,2024_SEE_DIP_FED_MR_NAL_SEC.csv,value_mismatch,PAN_PRI_PRD,206
SEC,2024_SEE_SEN_FED_MR_NAL_SEC.csv,value_mismatch,PVEM_PT_MORENA,186
SEC,2024_SEE_DIP_FED_MR_NAL_SEC.csv,value_mismatch,PVEM_MORENA,174
MUN,2024_SEE_SEN_FED_MR_NAL_MUN.csv,value_mismatch,MC,172
MUN,2024_SEE_SEN_FED_MR_NAL_MUN.csv,value_mismatch,MORENA,172
MUN,2024_SEE_SEN_FED_MR_NAL_MUN.csv,value_mismatch,NUM_VOTOS_NULOS,172
MUN,2024_SEE_SEN_FED_MR_NAL_MUN.csv,value_mismatch,NUM_VOTOS_VALIDOS,172
MUN,2024_SEE_SEN_FED_MR_NAL_MUN.csv,value_mismatch,PRI,172
MUN,2024_SEE_SEN_FED_MR_NAL_MUN.csv,value_mismatch,PT,172
MUN,2024_SEE_SEN_FED_MR_NAL_MUN.csv,value_mismatch,PVEM,172
MUN,2024_SEE_SEN_FED_MR_NAL_MUN.csv,value_mismatch,TOTAL_VOTOS,172
MUN,2024_SEE_SEN_FED_MR_NAL_MUN.csv,value_mismatch,PAN,171
MUN,2024_SEE_SEN_FED_MR_NAL_MUN.csv,value_mismatch,PRD,167
SEC,2024_SEE_SEN_FED_MR_NAL_SEC.csv,value_mismatch,PVEM_MORENA,154
DIS,2024_SEE_SEN_FED_MR_NAL_DIS.csv,value_mismatch,MC,153
DIS,2024_SEE_SEN_FED_MR_NAL_DIS.csv,value_mismatch,MORENA,153
DIS,2024_SEE_SEN_FED_MR_NAL_DIS.csv,value_mismatch,NUM_VOTOS_VALIDOS,153
DIS,2024_SEE_SEN_FED_MR_NAL_DIS.csv,value_mismatch,PAN,153
DIS,2024_SEE_SEN_FED_MR_NAL_DIS.csv,value_mismatch,PRI,153
DIS,2024_SEE_SEN_FED_MR_NAL_DIS.csv,value_mismatch,PT,153
DIS,2024_SEE_SEN_FED_MR_NAL_DIS.csv,value_mismatch,PVEM,153
DIS,2024_SEE_SEN_FED_MR_NAL_DIS.csv,value_mismatch,TOTAL_VOTOS,153
DIS,2024_SEE_SEN_FED_MR_NAL_DISCAND.csv,value_mismatch,MC,153
DIS,2024_SEE_SEN_FED_MR_NAL_DISCAND.csv,value_mismatch,NUM_VOTOS_VALIDOS,153
DIS,2024_SEE_SEN_FED_MR_NAL_DISCAND.csv,value_mismatch,TOTAL_VOTOS,153
DIS,2024_SEE_SEN_FED_MR_NAL_DISPP.csv,value_mismatch,MC,153
DIS,2024_SEE_SEN_FED_MR_NAL_DISPP.csv,value_mismatch,NUM_VOTOS_VALIDOS,153
DIS,2024_SEE_SEN_FED_MR_NAL_DISPP.csv,value_mismatch,TOTAL_VOTOS,153
SEC,2024_SEE_DIP_FED_MR_NAL_SEC.csv,value_mismatch,PT_MORENA,153
DIS,2024_SEE_SEN_FED_MR_NAL_DIS.csv,value_mismatch,NUM_VOTOS_NULOS,152
DIS,2024_SEE_SEN_FED_MR_NAL_DISCAND.csv,value_mismatch,NUM_VOTOS_NULOS,152
DIS,2024_SEE_SEN_FED_MR_NAL_DISPP.csv,value_mismatch,NUM_VOTOS_NULOS,152
DIS,2024_SEE_SEN_FED_MR_NAL_DIS.csv,value_mismatch,PRD,146
SEC,2024_SEE_SEN_FED_MR_NAL_SEC.csv,value_mismatch,PT_MORENA,144
SEC,2024_SEE_DIP_FED_MR_NAL_SEC.csv,value_mismatch,PAN_PRI,137
MUN,2024_SEE_SEN_FED_MR_NAL_MUN.csv,value_mismatch,PAN_PRI_PRD,134
DIS,2024_SEE_SEN_FED_MR_NAL_DIS.csv,value_mismatch,PAN_PRI_PRD,132
MUN,2024_SEE_DIP_FED_MR_NAL_MUN.csv,value_mismatch,MC,128
MUN,2024_SEE_DIP_FED_MR_NAL_MUN.csv,value_mismatch,MORENA,128
MUN,2024_SEE_DIP_FED_MR_NAL_MUN.csv,value_mismatch,NUM_VOTOS_VALIDOS,128
MUN,2024_SEE_DIP_FED_MR_NAL_MUN.csv,value_mismatch,PRI,128
MUN,2024_SEE_DIP_FED_MR_NAL_MUN.csv,value_mismatch,PVEM,128
MUN,2024_SEE_DIP_FED_MR_NAL_MUN.csv,value_mismatch,TOTAL_VOTOS,128
MUN,2024_SEE_DIP_FED_MR_NAL_MUN.csv,value_mismatch,NUM_VOTOS_NULOS,127
MUN,2024_SEE_DIP_FED_MR_NAL_MUN.csv,value_mismatch,PAN,127
MUN,2024_SEE_DIP_FED_MR_NAL_MUN.csv,value_mismatch,PT,127
SEC,2024_SEE_SEN_FED_MR_NAL_SEC.csv,value_mismatch,PAN_PRI,121
MUN,2024_SEE_DIP_FED_MR_NAL_MUN.csv,value_mismatch,PRD,120
DIS,2024_SEE_DIP_FED_MR_NAL_DIS.csv,value_mismatch,NUM_VOTOS_VALIDOS,118
DIS,2024_SEE_DIP_FED_MR_NAL_DIS.csv,value_mismatch,TOTAL_VOTOS,118
DIS,2024_SEE_DIP_FED_MR_NAL_DISCAND.csv,value_mismatch,NUM_VOTOS_VALIDOS,118
DIS,2024_SEE_DIP_FED_MR_NAL_DISCAND.csv,value_mismatch,TOTAL_VOTOS,118
DIS,2024_SEE_DIP_FED_MR_NAL_DISPP.csv,value_mismatch,NUM_VOTOS_VALIDOS,118
DIS,2024_SEE_DIP_FED_MR_NAL_DISPP.csv,value_mismatch,TOTAL_VOTOS,118
DIS,2024_SEE_DIP_FED_MR_NAL_DIS.csv,value_mismatch,MC,117
DIS,2024_SEE_DIP_FED_MR_NAL_DIS.csv,value_mismatch,MORENA,117
DIS,2024_SEE_DIP_FED_MR_NAL_DIS.csv,value_mismatch,PRI,117
DIS,2024_SEE_DIP_FED_MR_NAL_DIS.csv,value_mismatch,PT,117
DIS,2024_SEE_DIP_FED_MR_NAL_DIS.csv,value_mismatch,PVEM,117
DIS,2024_SEE_DIP_FED_MR_NAL_DISCAND.csv,value_mismatch,MC,117
DIS,2024_SEE_DIP_FED_MR_NAL_DISCAND.csv,value_mismatch,NUM_VOTOS_NULOS,117
DIS,2024_SEE_DIP_FED_MR_NAL_DISPP.csv,value_mismatch,MC,117
DIS,2024_SEE_DIP_FED_MR_NAL_DIS.csv,value_mismatch,NUM_VOTOS_NULOS,116
DIS,2024_SEE_DIP_FED_MR_NAL_DIS.csv,value_mismatch,PAN,116
DIS,2024_SEE_DIP_FED_MR_NAL_DISPP.csv,value_mismatch,NUM_VOTOS_NULOS,116
MUN,2024_SEE_DIP_FED_MR_NAL_MUN.csv,value_mismatch,PAN_PRI_PRD,113
DIS,2024_SEE_DIP_FED_MR_NAL_DIS.csv,value_mismatch,PRD,112
MUN,2024_SEE_DIP_FED_MR_NAL_MUN.csv,value_mismatch,PVEM_PT_MORENA,111
DIS,2024_SEE_DIP_FED_MR_NAL_DIS.csv,value_mismatch,PAN_PRI_PRD,104
DIS,2024_SEE_SEN_FED_MR_NAL_DIS.csv,missing_in_warehouse,PT_MORENA,103
DIS,2024_SEE_SEN_FED_MR_NAL_DIS.csv,missing_in_warehouse,PVEM_MORENA,103
DIS,2024_SEE_SEN_FED_MR_NAL_DIS.csv,missing_in_warehouse,PVEM_PT,103
DIS,2024_SEE_SEN_FED_MR_NAL_DIS.csv,missing_in_warehouse,PVEM_PT_MORENA,103
DIS,2024_SEE_SEN_FED_MR_NAL_DISCAND.csv,missing_in_warehouse,PVEM_PT_MORENA,103
MUN,2024_SEE_SEN_FED_MR_NAL_MUN.csv,value_mismatch,PVEM_PT_MORENA,103
DIS,2024_SEE_SEN_FED_MR_NAL_DIS.csv,value_mismatch,PVEM_PT_MORENA,102
SEC,2024_SEE_DIP_FED_MR_NAL_SEC.csv,value_mismatch,PVEM_PT,101
DIS,2024_SEE_DIP_FED_MR_NAL_DIS.csv,value_mismatch,PVEM_PT_MORENA,100
DIS,2024_SEE_SEN_FED_MR_NAL_DIS.csv,value_mismatch,PAN_PRI,99
MUN,2024_SEE_DIP_FED_MR_NAL_MUN.csv,value_mismatch,PVEM_MORENA,98
MUN,2024_SEE_SEN_FED_MR_NAL_MUN.csv,value_mismatch,PAN_PRI,96
DIS,2024_SEE_SEN_FED_MR_NAL_DIS.csv,value_mismatch,PT_MORENA,92
DIS,2024_SEE_SEN_FED_MR_NAL_DIS.csv,value_mismatch,PVEM_MORENA,92
MUN,2024_SEE_SEN_FED_MR_NAL_MUN.csv,value_mismatch,PT_MORENA,92
DIS,2024_SEE_DIP_FED_MR_NAL_DIS.csv,value_mismatch,PVEM_MORENA,91
MUN,2024_SEE_SEN_FED_MR_NAL_MUN.csv,value_mismatch,PVEM_MORENA,89
SEC,2024_SEE_SEN_FED_MR_NAL_SEC.csv,value_mismatch,PVEM_PT,89
MUN,2024_SEE_DIP_FED_MR_NAL_MUN.csv,value_mismatch,PT_MORENA,88
DIS,2024_SEE_DIP_FED_MR_NAL_DIS.csv,value_mismatch,PAN_PRI,84
MUN,2024_SEE_DIP_FED_MR_NAL_MUN.csv,value_mismatch,PAN_PRI,83
DIS,2024_SEE_DIP_FED_MR_NAL_DIS.csv,value_mismatch,PT_MORENA,81
MUN,2024_SEE_DIP_FED_MR_NAL_MUN.csv,value_mismatch,PVEM_PT,75
DIS,2024_SEE_SEN_FED_MR_NAL_DIS.csv,value_mismatch,PVEM_PT,71
DIS,2024_SEE_DIP_FED_MR_NAL_DIS.csv,value_mismatch,PVEM_PT,70
MUN,2024_SEE_SEN_FED_MR_NAL_MUN.csv,value_mismatch,PVEM_PT,68
SEC,2024_SEE_DIP_FED_MR_NAL_SEC.csv,value_mismatch,NUM_VOTOS_CAN_NREG,60
SEC,2024_SEE_SEN_FED_MR_NAL_SEC.csv,value_mismatch,NUM_VOTOS_CAN_NREG,58
SEC,2024_SEE_SEN_FED_MR_NAL_SEC.csv,missing_in_warehouse,MC,56
SEC,2024_SEE_SEN_FED_MR_NAL_SEC.csv,missing_in_warehouse,MORENA,56
SEC,2024_SEE_SEN_FED_MR_NAL_SEC.csv,missing_in_warehouse,NUM_VOTOS_CAN_NREG,56
SEC,2024_SEE_SEN_FED_MR_NAL_SEC.csv,missing_in_warehouse,NUM_VOTOS_NULOS,56
SEC,2024_SEE_SEN_FED_MR_NAL_SEC.csv,missing_in_warehouse,NUM_VOTOS_VALIDOS,56
SEC,2024_SEE_SEN_FED_MR_NAL_SEC.csv,missing_in_warehouse,PAN,56
SEC,2024_SEE_SEN_FED_MR_NAL_SEC.csv,missing_in_warehouse,PAN_PRD,56
SEC,2024_SEE_SEN_FED_MR_NAL_SEC.csv,missing_in_warehouse,PAN_PRI,56
SEC,2024_SEE_SEN_FED_MR_NAL_SEC.csv,missing_in_warehouse,PAN_PRI_PRD,56
SEC,2024_SEE_SEN_FED_MR_NAL_SEC.csv,missing_in_warehouse,PRD,56
SEC,2024_SEE_SEN_FED_MR_NAL_SEC.csv,missing_in_warehouse,PRI,56
SEC,2024_SEE_SEN_FED_MR_NAL_SEC.csv,missing_in_warehouse,PRI_PRD,56
SEC,2024_SEE_SEN_FED_MR_NAL_SEC.csv,missing_in_warehouse,PT,56
SEC,2024_SEE_SEN_FED_MR_NAL_SEC.csv,missing_in_warehouse,PT_MORENA,56
SEC,2024_SEE_SEN_FED_MR_NAL_SEC.csv,missing_in_warehouse,PVEM,56
SEC,2024_SEE_SEN_FED_MR_NAL_SEC.csv,missing_in_warehouse,PVEM_MORENA,56
SEC,2024_SEE_SEN_FED_MR_NAL_SEC.csv,missing_in_warehouse,PVEM_PT,56
SEC,2024_SEE_SEN_FED_MR_NAL_SEC.csv,missing_in_warehouse,PVEM_PT_MORENA,56
SEC,2024_SEE_SEN_FED_MR_NAL_SEC.csv,missing_in_warehouse,TOTAL_VOTOS,56
DIS,2024_SEE_SEN_FED_MR_NAL_DIS.csv,value_mismatch,NUM_VOTOS_CAN_NREG,55
DIS,2024_SEE_SEN_FED_MR_NAL_DISCAND.csv,value_mismatch,NUM_VOTOS_CAN_NREG,55
DIS,2024_SEE_SEN_FED_MR_NAL_DISPP.csv,value_mismatch,NUM_VOTOS_CAN_NREG,55
SEC,2024_SEE_DIP_FED_RP_NAL_SEC.csv,value_mismatch,MC,51
SEC,2024_SEE_DIP_FED_RP_NAL_SEC.csv,value_mismatch,MORENA,51
SEC,2024_SEE_DIP_FED_RP_NAL_SEC.csv,value_mismatch,NUM_VOTOS_VALIDOS,51
SEC,2024_SEE_DIP_FED_RP_NAL_SEC.csv,value_mismatch,PRI,51
SEC,2024_SEE_DIP_FED_RP_NAL_SEC.csv,value_mismatch,PT,51
SEC,2024_SEE_DIP_FED_RP_NAL_SEC.csv,value_mismatch,PVEM,51
SEC,2024_SEE_DIP_FED_RP_NAL_SEC.csv,value_mismatch,TOTAL_VOTOS,51
DIS,2024_SEE_SEN_FED_MR_NAL_DISCAND.csv,value_mismatch,MORENA,50
DIS,2024_SEE_SEN_FED_MR_NAL_DISCAND.csv,value_mismatch,PT,50
DIS,2024_SEE_SEN_FED_MR_NAL_DISCAND.csv,value_mismatch,PVEM,50
SEC,2024_SEE_DIP_FED_RP_NAL_SEC.csv,value_mismatch,NUM_VOTOS_NULOS,50
SEC,2024_SEE_DIP_FED_RP_NAL_SEC.csv,value_mismatch,PAN,50
MUN,2024_SEE_SEN_FED_MR_NAL_MUN.csv,value_mismatch,NUM_VOTOS_CAN_NREG,49
DIS,2024_SEE_DIP_FED_MR_NAL_DIS.csv,value_mismatch,NUM_VOTOS_CAN_NREG,48
DIS,2024_SEE_DIP_FED_MR_NAL_DISCAND.csv,value_mismatch,NUM_VOTOS_CAN_NREG,48
DIS,2024_SEE_DIP_FED_MR_NAL_DISPP.csv,value_mismatch,NUM_VOTOS_CAN_NREG,48
MUN,2024_SEE_DIP_FED_MR_NAL_MUN.csv,value_mismatch,NUM_VOTOS_CAN_NREG,46
SEC,2024_SEE_DIP_FED_RP_NAL_SEC.csv,value_mismatch,PRD,46
SEC,2024_SEE_DIP_FED_RP_NAL_SEC.csv,value_mismatch,PAN_PRI_PRD,45
SEC,2024_SEE_DIP_FED_RP_NAL_SEC.csv,value_mismatch,PVEM_PT_MORENA,44
DIS,2024_SEE_DIP_FED_MR_NAL_DIS.csv,missing_in_warehouse,PT_MORENA,40
DIS,2024_SEE_DIP_FED_MR_NAL_DIS.csv,missing_in_warehouse,PVEM_MORENA,40
DIS,2024_SEE_DIP_FED_MR_NAL_DIS.csv,missing_in_warehouse,PVEM_PT,40
DIS,2024_SEE_DIP_FED_MR_NAL_DIS.csv,missing_in_warehouse,PVEM_PT_MORENA,40
DIS,2024_SEE_DIP_FED_MR_NAL_DISCAND.csv,missing_in_warehouse,PVEM_PT_MORENA,40
SEC,2024_SEE_DIP_FED_RP_NAL_SEC.csv,value_mismatch,PVEM_MORENA,40
SEC,2024_SEE_DIP_FED_MR_NAL_SEC.csv,missing_in_warehouse,MC,37
SEC,2024_SEE_DIP_FED_MR_NAL_SEC.csv,missing_in_warehouse,MORENA,37
SEC,2024_SEE_DIP_FED_MR_NAL_SEC.csv,missing_in_warehouse,NUM_VOTOS_CAN_NREG,37
SEC,2024_SEE_DIP_FED_MR_NAL_SEC.csv,missing_in_warehouse,NUM_VOTOS_NULOS,37
SEC,2024_SEE_DIP_FED_MR_NAL_SEC.csv,missing_in_warehouse,NUM_VOTOS_VALIDOS,37
SEC,2024_SEE_DIP_FED_MR_NAL_SEC.csv,missing_in_warehouse,PAN,37
SEC,2024_SEE_DIP_FED_MR_NAL_SEC.csv,missing_in_warehouse,PAN_PRD,37
SEC,2024_SEE_DIP_FED_MR_NAL_SEC.csv,missing_in_warehouse,PAN_PRI,37
SEC,2024_SEE_DIP_FED_MR_NAL_SEC.csv,missing_in_warehouse,PAN_PRI_PRD,37
SEC,2024_SEE_DIP_FED_MR_NAL_SEC.csv,missing_in_warehouse,PRD,37
SEC,2024_SEE_DIP_FED_MR_NAL_SEC.csv,missing_in_warehouse,PRI,37
SEC,2024_SEE_DIP_FED_MR_NAL_SEC.csv,missing_in_warehouse,PRI_PRD,37
SEC,2024_SEE_DIP_FED_MR_NAL_SEC.csv,missing_in_warehouse,PT,37
SEC,2024_SEE_DIP_FED_MR_NAL_SEC.csv,missing_in_warehouse,PT_MORENA,37
SEC,2024_SEE_DIP_FED_MR_NAL_SEC.csv,missing_in_warehouse,PVEM,37
SEC,2024_SEE_DIP_FED_MR_NAL_SEC.csv,missing_in_warehouse,PVEM_MORENA,37
SEC,2024_SEE_DIP_FED_MR_NAL_SEC.csv,missing_in_warehouse,PVEM_PT,37
SEC,2024_SEE_DIP_FED_MR_NAL_SEC.csv,missing_in_warehouse,PVEM_PT_MORENA,37
SEC,2024_SEE_DIP_FED_MR_NAL_SEC.csv,missing_in_warehouse,TOTAL_VOTOS,37
SEC,2024_SEE_SEN_FED_RP_NAL_SEC.csv,value_mismatch,MC,37
SEC,2024_SEE_SEN_FED_RP_NAL_SEC.csv,value_mismatch,MORENA,37
SEC,2024_SEE_SEN_FED_RP_NAL_SEC.csv,value_mismatch,NUM_VOTOS_VALIDOS,37
SEC,2024_SEE_SEN_FED_RP_NAL_SEC.csv,value_mismatch,PAN,37
SEC,2024_SEE_SEN_FED_RP_NAL_SEC.csv,value_mismatch,PRI,37
SEC,2024_SEE_SEN_FED_RP_NAL_SEC.csv,value_mismatch,PT,37
SEC,2024_SEE_SEN_FED_RP_NAL_SEC.csv,value_mismatch,PVEM,37
SEC,2024_SEE_SEN_FED_RP_NAL_SEC.csv,value_mismatch,TOTAL_VOTOS,37
SEC,2024_SEE_DIP_FED_RP_NAL_SEC.csv,value_mismatch,PT_MORENA,36
SEC,2024_SEE_SEN_FED_RP_NAL_SEC.csv,value_mismatch,NUM_VOTOS_NULOS,36
DIS,2024_SEE_DIP_FED_RP_NAL_DISPP.csv,value_mismatch,NUM_VOTOS_VALIDOS,33
DIS,2024_SEE_DIP_FED_RP_NAL_DISPP.csv,value_mismatch,TOTAL_VOTOS,33
SEC,2024_SEE_DIP_FED_RP_NAL_SEC.csv,value_mismatch,PVEM_PT,33
DIS,2024_SEE_PRE_NAL_DIS.csv,missing_in_warehouse,CASILLAS,32
DIS,2024_SEE_PRE_NAL_DIS.csv,missing_in_warehouse,SECCIONES,32
DIS,2024_SEE_PRE_NAL_DISCAND.csv,missing_in_warehouse,CASILLAS,32
DIS,2024_SEE_PRE_NAL_DISCAND.csv,missing_in_warehouse,SECCIONES,32
DIS,2024_SEE_PRE_NAL_DISPP.csv,missing_in_warehouse,CASILLAS,32
DIS,2024_SEE_PRE_NAL_DISPP.csv,missing_in_warehouse,SECCIONES,32
DIS,2024_SEE_SEN_FED_MR_NAL_DIS.csv,missing_in_warehouse,CASILLAS,32
DIS,2024_SEE_SEN_FED_MR_NAL_DIS.csv,missing_in_warehouse,SECCIONES,32
DIS,2024_SEE_SEN_FED_MR_NAL_DISCAND.csv,missing_in_warehouse,CASILLAS,32
DIS,2024_SEE_SEN_FED_MR_NAL_DISCAND.csv,missing_in_warehouse,SECCIONES,32
DIS,2024_SEE_SEN_FED_MR_NAL_DISPP.csv,missing_in_warehouse,CASILLAS,32
DIS,2024_SEE_SEN_FED_MR_NAL_DISPP.csv,missing_in_warehouse,SECCIONES,32
DIS,2024_SEE_SEN_FED_RP_NAL_DISPP.csv,missing_in_warehouse,CASILLAS,32
DIS,2024_SEE_SEN_FED_RP_NAL_DISPP.csv,missing_in_warehouse,SECCIONES,32
ENT,2024_SEE_DIP_FED_MR_NAL_ENT.csv,value_mismatch,CASILLAS,32
ENT,2024_SEE_DIP_FED_MR_NAL_ENTCAND.csv,value_mismatch,CASILLAS,32
ENT,2024_SEE_DIP_FED_MR_NAL_ENTCAND.csv,value_mismatch,PAN_PRI_PRD,32
ENT,2024_SEE_DIP_FED_MR_NAL_ENTPP.csv,value_mismatch,CASILLAS,32
ENT,2024_SEE_DIP_FED_MR_NAL_ENTPP.csv,value_mismatch,MORENA,32
ENT,2024_SEE_DIP_FED_MR_NAL_ENTPP.csv,value_mismatch,PAN,32
ENT,2024_SEE_DIP_FED_MR_NAL_ENTPP.csv,value_mismatch,PRD,32
ENT,2024_SEE_DIP_FED_MR_NAL_ENTPP.csv,value_mismatch,PRI,32
ENT,2024_SEE_DIP_FED_MR_NAL_ENTPP.csv,value_mismatch,PT,32
ENT,2024_SEE_DIP_FED_MR_NAL_ENTPP.csv,value_mismatch,PVEM,32
ENT,2024_SEE_DIP_FED_RP_NAL_ENTPP.csv,value_mismatch,CASILLAS,32
ENT,2024_SEE_DIP_FED_RP_NAL_ENTPP.csv,value_mismatch,PAN,32
ENT,2024_SEE_DIP_FED_RP_NAL_ENTPP.csv,value_mismatch,PRD,32
ENT,2024_SEE_DIP_FED_RP_NAL_ENTPP.csv,value_mismatch,PRI,32
ENT,2024_SEE_PRE_NAL_ENT.csv,value_mismatch,CASILLAS,32
ENT,2024_SEE_PRE_NAL_ENT.csv,value_mismatch,DISTRITOS,32
ENT,2024_SEE_PRE_NAL_ENT.csv,value_mismatch,MUNICIPIOS,32
ENT,2024_SEE_PRE_NAL_ENT.csv,value_mismatch,SECCIONES,32
ENT,2024_SEE_PRE_NAL_ENTCAND.csv,value_mismatch,CASILLAS,32
ENT,2024_SEE_PRE_NAL_ENTCAND.csv,value_mismatch,DISTRITOS,32
ENT,2024_SEE_PRE_NAL_ENTCAND.csv,value_mismatch,MUNICIPIOS,32
ENT,2024_SEE_PRE_NAL_ENTCAND.csv,value_mismatch,PAN_PRI_PRD,32
ENT,2024_SEE_PRE_NAL_ENTCAND.csv,value_mismatch,PVEM_PT_MORENA,32
ENT,2024_SEE_PRE_NAL_ENTCAND.csv,value_mismatch,SECCIONES,32
ENT,2024_SEE_PRE_NAL_ENTPP.csv,value_mismatch,CASILLAS,32
ENT,2024_SEE_PRE_NAL_ENTPP.csv,value_mismatch,DISTRITOS,32
ENT,2024_SEE_PRE_NAL_ENTPP.csv,value_mismatch,MORENA,32
ENT,2024_SEE_PRE_NAL_ENTPP.csv,value_mismatch,MUNICIPIOS,32
ENT,2024_SEE_PRE_NAL_ENTPP.csv,value_mismatch,PAN,32
ENT,2024_SEE_PRE_NAL_ENTPP.csv,value_mismatch,PRD,32
ENT,2024_SEE_PRE_NAL_ENTPP.csv,value_mismatch,PRI,32
ENT,2024_SEE_PRE_NAL_ENTPP.csv,value_mismatch,PT,32
ENT,2024_SEE_PRE_NAL_ENTPP.csv,value_mismatch,PVEM,32
ENT,2024_SEE_PRE_NAL_ENTPP.csv,value_mismatch,SECCIONES,32
ENT,2024_SEE_SEN_FED_MR_NAL_ENT.csv,value_mismatch,CASILLAS,32
ENT,2024_SEE_SEN_FED_MR_NAL_ENT.csv,value_mismatch,DISTRITOS,32
ENT,2024_SEE_SEN_FED_MR_NAL_ENT.csv,value_mismatch,MUNICIPIOS,32
ENT,2024_SEE_SEN_FED_MR_NAL_ENT.csv,value_mismatch,SECCIONES,32
ENT,2024_SEE_SEN_FED_MR_NAL_ENTCAND.csv,value_mismatch,CASILLAS,32
ENT,2024_SEE_SEN_FED_MR_NAL_ENTCAND.csv,value_mismatch,DISTRITOS,32
ENT,2024_SEE_SEN_FED_MR_NAL_ENTCAND.csv,value_mismatch,MUNICIPIOS,32
ENT,2024_SEE_SEN_FED_MR_NAL_ENTCAND.csv,value_mismatch,SECCIONES,32
ENT,2024_SEE_SEN_FED_MR_NAL_ENTPP.csv,value_mismatch,CASILLAS,32
ENT,2024_SEE_SEN_FED_MR_NAL_ENTPP.csv,value_mismatch,DISTRITOS,32
ENT,2024_SEE_SEN_FED_MR_NAL_ENTPP.csv,value_mismatch,MUNICIPIOS,32
ENT,2024_SEE_SEN_FED_MR_NAL_ENTPP.csv,value_mismatch,SECCIONES,32
ENT,2024_SEE_SEN_FED_RP_NAL_ENTPP.csv,value_mismatch,CASILLAS,32
ENT,2024_SEE_SEN_FED_RP_NAL_ENTPP.csv,value_mismatch,DISTRITOS,32
ENT,2024_SEE_SEN_FED_RP_NAL_ENTPP.csv,value_mismatch,MUNICIPIOS,32
ENT,2024_SEE_SEN_FED_RP_NAL_ENTPP.csv,value_mismatch,SECCIONES,32
MUN,2024_SEE_PRE_NAL_MUN.csv,missing_in_warehouse,CASILLAS,32
MUN,2024_SEE_PRE_NAL_MUN.csv,missing_in_warehouse,SECCIONES,32
MUN,2024_SEE_SEN_FED_MR_NAL_MUN.csv,missing_in_warehouse,CASILLAS,32
MUN,2024_SEE_SEN_FED_MR_NAL_MUN.csv,value_mismatch,SECCIONES,32
MUN,2024_SEE_SEN_FED_RP_NAL_MUN.csv,missing_in_warehouse,CASILLAS,32
MUN,2024_SEE_SEN_FED_RP_NAL_MUN.csv,missing_in_warehouse,SECCIONES,32
SEC,2024_SEE_PRE_NAL_SEC.csv,missing_in_warehouse,CASILLAS,32
SEC,2024_SEE_SEN_FED_MR_NAL_SEC.csv,missing_in_warehouse,CASILLAS,32
SEC,2024_SEE_SEN_FED_RP_NAL_SEC.csv,missing_in_warehouse,CASILLAS,32
SEC,2024_SEE_SEN_FED_RP_NAL_SEC.csv,value_mismatch,PRD,32
ENT,2024_SEE_DIP_FED_MR_NAL_ENT.csv,missing_in_warehouse,CAND_IND1,31
ENT,2024_SEE_DIP_FED_MR_NAL_ENT.csv,missing_in_warehouse,CAND_IND2,31
ENT,2024_SEE_DIP_FED_MR_NAL_ENTCAND.csv,missing_in_warehouse,CAND_IND1,31
ENT,2024_SEE_DIP_FED_MR_NAL_ENTCAND.csv,missing_in_warehouse,CAND_IND2,31
ENT,2024_SEE_DIP_FED_MR_NAL_ENTCAND.csv,value_mismatch,PVEM_PT_MORENA,31
ENT,2024_SEE_DIP_FED_MR_NAL_ENTPP.csv,missing_in_warehouse,CAND_IND1,31
ENT,2024_SEE_DIP_FED_MR_NAL_ENTPP.csv,missing_in_warehouse,CAND_IND2,31
ENT,2024_SEE_DIP_FED_RP_NAL_ENTPP.csv,value_mismatch,MORENA,31
ENT,2024_SEE_DIP_FED_RP_NAL_ENTPP.csv,value_mismatch,PT,31
ENT,2024_SEE_DIP_FED_RP_NAL_ENTPP.csv,value_mismatch,PVEM,31
ENT,2024_SEE_SEN_FED_MR_NAL_ENTPP.csv,value_mismatch,PAN,31
ENT,2024_SEE_SEN_FED_MR_NAL_ENTPP.csv,value_mismatch,PRD,31
ENT,2024_SEE_SEN_FED_MR_NAL_ENTPP.csv,value_mismatch,PRI,31
MUN,2024_SEE_DIP_FED_RP_NAL_MUN.csv,value_mismatch,MC,31
MUN,2024_SEE_DIP_FED_RP_NAL_MUN.csv,value_mismatch,MORENA,31
MUN,2024_SEE_DIP_FED_RP_NAL_MUN.csv,value_mismatch,NUM_VOTOS_VALIDOS,31
MUN,2024_SEE_DIP_FED_RP_NAL_MUN.csv,value_mismatch,PRI,31
MUN,2024_SEE_DIP_FED_RP_NAL_MUN.csv,value_mismatch,PT,31
MUN,2024_SEE_DIP_FED_RP_NAL_MUN.csv,value_mismatch,PVEM,31
MUN,2024_SEE_DIP_FED_RP_NAL_MUN.csv,value_mismatch,TOTAL_VOTOS,31
SEC,2024_SEE_DIP_FED_RP_NAL_SEC.csv,value_mismatch,PAN_PRI,31
SEC,2024_SEE_SEN_FED_RP_NAL_SEC.csv,value_mismatch,PAN_PRI_PRD,31
DIS,2024_SEE_DIP_FED_RP_NAL_DISPP.csv,value_mismatch,MC,30
ENT,2024_SEE_SEN_FED_MR_NAL_ENTCAND.csv,missing_in_warehouse,PAN,30
ENT,2024_SEE_SEN_FED_MR_NAL_ENTCAND.csv,missing_in_warehouse,PRD,30
ENT,2024_SEE_SEN_FED_MR_NAL_ENTCAND.csv,missing_in_warehouse,PRI,30
ENT,2024_SEE_SEN_FED_MR_NAL_ENTCAND.csv,value_mismatch,PAN_PRI_PRD,30
ENT,2024_SEE_SEN_FED_RP_NAL_ENTPP.csv,value_mismatch,PAN,30
ENT,2024_SEE_SEN_FED_RP_NAL_ENTPP.csv,value_mismatch,PRD,30
ENT,2024_SEE_SEN_FED_RP_NAL_ENTPP.csv,value_mismatch,PRI,30
MUN,2024_SEE_DIP_FED_RP_NAL_MUN.csv,value_mismatch,NUM_VOTOS_NULOS,30
MUN,2024_SEE_DIP_FED_RP_NAL_MUN.csv,value_mismatch,PAN,30
DIS,2024_SEE_DIP_FED_RP_NAL_DISPP.csv,value_mismatch,NUM_VOTOS_NULOS,29
ENT,2024_SEE_DIP_FED_MR_NAL_ENTCAND.csv,missing_in_warehouse,PAN,29
ENT,2024_SEE_DIP_FED_MR_NAL_ENTCAND.csv,missing_in_warehouse,PRD,29
ENT,2024_SEE_DIP_FED_MR_NAL_ENTCAND.csv,missing_in_warehouse,PRI,29
MUN,2024_SEE_DIP_FED_RP_NAL_MUN.csv,value_mismatch,PRD,29
DIS,2024_SEE_SEN_FED_RP_NAL_DISPP.csv,value_mismatch,MC,28
DIS,2024_SEE_SEN_FED_RP_NAL_DISPP.csv,value_mismatch,NUM_VOTOS_NULOS,28
DIS,2024_SEE_SEN_FED_RP_NAL_DISPP.csv,value_mismatch,NUM_VOTOS_VALIDOS,28
DIS,2024_SEE_SEN_FED_RP_NAL_DISPP.csv,value_mismatch,TOTAL_VOTOS,28
ENT,2024_SEE_DIP_FED_MR_NAL_ENT.csv,value_mismatch,NUM_VOTOS_VALIDOS,28
ENT,2024_SEE_DIP_FED_MR_NAL_ENT.csv,value_mismatch,TOTAL_VOTOS,28
ENT,2024_SEE_DIP_FED_MR_NAL_ENTCAND.csv,value_mismatch,NUM_VOTOS_VALIDOS,28
ENT,2024_SEE_DIP_FED_MR_NAL_ENTCAND.csv,value_mismatch,TOTAL_VOTOS,28
ENT,2024_SEE_DIP_FED_MR_NAL_ENTPP.csv,value_mismatch,NUM_VOTOS_VALIDOS,28
ENT,2024_SEE_DIP_FED_MR_NAL_ENTPP.csv,value_mismatch,TOTAL_VOTOS,28
ENT,2024_SEE_SEN_FED_MR_NAL_ENTPP.csv,value_mismatch,MORENA,28
ENT,2024_SEE_SEN_FED_MR_NAL_ENTPP.csv,value_mismatch,PT,28
ENT,2024_SEE_SEN_FED_MR_NAL_ENTPP.csv,value_mismatch,PVEM,28
MUN,2024_SEE_SEN_FED_RP_NAL_MUN.csv,value_mismatch,MC,28
MUN,2024_SEE_SEN_FED_RP_NAL_MUN.csv,value_mismatch,MORENA,28
MUN,2024_SEE_SEN_FED_RP_NAL_MUN.csv,value_mismatch,NUM_VOTOS_NULOS,28
MUN,2024_SEE_SEN_FED_RP_NAL_MUN.csv,value_mismatch,NUM_VOTOS_VALIDOS,28
MUN,2024_SEE_SEN_FED_RP_NAL_MUN.csv,value_mismatch,PAN,28
MUN,2024_SEE_SEN_FED_RP_NAL_MUN.csv,value_mismatch,PRI,28
MUN,2024_SEE_SEN_FED_RP_NAL_MUN.csv,value_mismatch,PT,28
MUN,2024_SEE_SEN_FED_RP_NAL_MUN.csv,value_mismatch,PVEM,28
MUN,2024_SEE_SEN_FED_RP_NAL_MUN.csv,value_mismatch,TOTAL_VOTOS,28
DIS,2024_SEE_SEN_FED_MR_NAL_DIS.csv,missing_in_warehouse,PAN_PRD,27
DIS,2024_SEE_SEN_FED_MR_NAL_DIS.csv,missing_in_warehouse,PAN_PRI,27
DIS,2024_SEE_SEN_FED_MR_NAL_DIS.csv,missing_in_warehouse,PAN_PRI_PRD,27
DIS,2024_SEE_SEN_FED_MR_NAL_DIS.csv,missing_in_warehouse,PRI_PRD,27
DIS,2024_SEE_SEN_FED_MR_NAL_DISCAND.csv,missing_in_warehouse,PAN_PRI_PRD,27
ENT,2024_SEE_DIP_FED_MR_NAL_ENT.csv,value_mismatch,MC,27
ENT,2024_SEE_DIP_FED_MR_NAL_ENT.csv,value_mismatch,MORENA,27
ENT,2024_SEE_DIP_FED_MR_NAL_ENT.csv,value_mismatch,NUM_VOTOS_NULOS,27
ENT,2024_SEE_DIP_FED_MR_NAL_ENT.csv,value_mismatch,PAN,27
ENT,2024_SEE_DIP_FED_MR_NAL_ENT.csv,value_mismatch,PAN_PRI_PRD,27
ENT,2024_SEE_DIP_FED_MR_NAL_ENT.csv,value_mismatch,PRD,27
ENT,2024_SEE_DIP_FED_MR_NAL_ENT.csv,value_mismatch,PRI,27
ENT,2024_SEE_DIP_FED_MR_NAL_ENT.csv,value_mismatch,PT,27
ENT,2024_SEE_DIP_FED_MR_NAL_ENT.csv,value_mismatch,PVEM,27
ENT,2024_SEE_DIP_FED_MR_NAL_ENTCAND.csv,value_mismatch,MC,27
ENT,2024_SEE_DIP_FED_MR_NAL_ENTCAND.csv,value_mismatch,NUM_VOTOS_NULOS,27
ENT,2024_SEE_DIP_FED_MR_NAL_ENTPP.csv,value_mismatch,MC,27
ENT,2024_SEE_DIP_FED_MR_NAL_ENTPP.csv,value_mismatch,NUM_VOTOS_NULOS,27
DIS,2024_SEE_SEN_FED_MR_NAL_DIS.csv,value_mismatch,PAN_PRD,26
ENT,2024_SEE_DIP_FED_MR_NAL_ENT.csv,value_mismatch,PVEM_PT_MORENA,26
MUN,2024_SEE_DIP_FED_RP_NAL_MUN.csv,value_mismatch,PAN_PRI_PRD,26
MUN,2024_SEE_SEN_FED_RP_NAL_MUN.csv,value_mismatch,PRD,26
ENT,2024_SEE_DIP_FED_MR_NAL_ENT.csv,value_mismatch,PAN_PRI,25
ENT,2024_SEE_DIP_FED_MR_NAL_ENT.csv,value_mismatch,PT_MORENA,25
ENT,2024_SEE_DIP_FED_MR_NAL_ENT.csv,value_mismatch,PVEM_MORENA,25
ENT,2024_SEE_DIP_FED_MR_NAL_ENT.csv,value_mismatch,PVEM_PT,25
ENT,2024_SEE_SEN_FED_MR_NAL_ENT.csv,value_mismatch,MC,25
ENT,2024_SEE_SEN_FED_MR_NAL_ENT.csv,value_mismatch,MORENA,25
ENT,2024_SEE_SEN_FED_MR_NAL_ENT.csv,value_mismatch,NUM_VOTOS_NULOS,25
ENT,2024_SEE_SEN_FED_MR_NAL_ENT.csv,value_mismatch,NUM_VOTOS_VALIDOS,25
ENT,2024_SEE_SEN_FED_MR_NAL_ENT.csv,value_mismatch,PAN,25
ENT,2024_SEE_SEN_FED_MR_NAL_ENT.csv,value_mismatch,PRD,25
ENT,2024_SEE_SEN_FED_MR_NAL_ENT.csv,value_mismatch,PRI,25
ENT,2024_SEE_SEN_FED_MR_NAL_ENT.csv,value_mismatch,PT,25
ENT,2024_SEE_SEN_FED_MR_NAL_ENT.csv,value_mismatch,PVEM,25
ENT,2024_SEE_SEN_FED_MR_NAL_ENT.csv,value_mismatch,TOTAL_VOTOS,25
ENT,2024_SEE_SEN_FED_MR_NAL_ENTCAND.csv,value_mismatch,MC,25
ENT,2024_SEE_SEN_FED_MR_NAL_ENTCAND.csv,value_mismatch,NUM_VOTOS_NULOS,25
ENT,2024_SEE_SEN_FED_MR_NAL_ENTCAND.csv,value_mismatch,NUM_VOTOS_VALIDOS,25
ENT,2024_SEE_SEN_FED_MR_NAL_ENTCAND.csv,value_mismatch,TOTAL_VOTOS,25
ENT,2024_SEE_SEN_FED_MR_NAL_ENTPP.csv,value_mismatch,MC,25
ENT,2024_SEE_SEN_FED_MR_NAL_ENTPP.csv,value_mismatch,NUM_VOTOS_NULOS,25
ENT,2024_SEE_SEN_FED_MR_NAL_ENTPP.csv,value_mismatch,NUM_VOTOS_VALIDOS,25
ENT,2024_SEE_SEN_FED_MR_NAL_ENTPP.csv,value_mismatch,TOTAL_VOTOS,25
MUN,2024_SEE_DIP_FED_RP_NAL_MUN.csv,value_mismatch,PVEM_PT_MORENA,25
MUN,2024_SEE_SEN_FED_MR_NAL_MUN.csv,value_mismatch,PAN_PRD,25
MUN,2024_SEE_SEN_FED_RP_NAL_MUN.csv,value_mismatch,PAN_PRI_PRD,25
SEC,2024_SEE_SEN_FED_RP_NAL_SEC.csv,value_mismatch,PVEM_PT_MORENA,25
DIS,2024_SEE_DIP_FED_MR_NAL_DIS.csv,value_mismatch,PRI_PRD,24
ENT,2024_SEE_SEN_FED_MR_NAL_ENT.csv,value_mismatch,PAN_PRI_PRD,24
ENT,2024_SEE_SEN_FED_MR_NAL_ENT.csv,value_mismatch,PAN_PRI,23
MUN,2024_SEE_DIP_FED_MR_NAL_MUN.csv,value_mismatch,PAN_PRD,23
MUN,2024_SEE_DIP_FED_RP_NAL_MUN.csv,value_mismatch,PVEM_MORENA,23
SEC,2024_SEE_DIP_FED_MR_NAL_SEC.csv,value_mismatch,PRI_PRD,23
DIS,2024_SEE_DIP_FED_MR_NAL_DIS.csv,value_mismatch,PAN_PRD,22
ENT,2024_SEE_SEN_FED_MR_NAL_ENT.csv,value_mismatch,NUM_VOTOS_CAN_NREG,22
ENT,2024_SEE_SEN_FED_MR_NAL_ENTCAND.csv,value_mismatch,NUM_VOTOS_CAN_NREG,22
ENT,2024_SEE_SEN_FED_MR_NAL_ENTPP.csv,value_mismatch,NUM_VOTOS_CAN_NREG,22
ENT,2024_SEE_SEN_FED_RP_NAL_ENTPP.csv,value_mismatch,MORENA,22
ENT,2024_SEE_SEN_FED_RP_NAL_ENTPP.csv,value_mismatch,PT,22
ENT,2024_SEE_SEN_FED_RP_NAL_ENTPP.csv,value_mismatch,PVEM,22
MUN,2024_SEE_DIP_FED_MR_NAL_MUN.csv,value_mismatch,PRI_PRD,22
MUN,2024_SEE_DIP_FED_RP_NAL_MUN.csv,value_mismatch,PT_MORENA,22
SEC,2024_SEE_DIP_FED_MR_NAL_SEC.csv,value_mismatch,PAN_PRD,22
MUN,2024_SEE_DIP_FED_RP_NAL_MUN.csv,value_mismatch,PAN_PRI,21
SEC,2024_SEE_SEN_FED_RP_NAL_SEC.csv,value_mismatch,PT_MORENA,21
SEC,2024_SEE_SEN_FED_RP_NAL_SEC.csv,value_mismatch,PVEM_MORENA,21
ENT,2024_SEE_DIP_FED_MR_NAL_ENTCAND.csv,missing_in_warehouse,MORENA,20
ENT,2024_SEE_DIP_FED_MR_NAL_ENTCAND.csv,missing_in_warehouse,PT,20
ENT,2024_SEE_DIP_FED_MR_NAL_ENTCAND.csv,missing_in_warehouse,PVEM,20
ENT,2024_SEE_SEN_FED_MR_NAL_ENTCAND.csv,missing_in_warehouse,MORENA,20
ENT,2024_SEE_SEN_FED_MR_NAL_ENTCAND.csv,missing_in_warehouse,PT,20
ENT,2024_SEE_SEN_FED_MR_NAL_ENTCAND.csv,missing_in_warehouse,PVEM,20
ENT,2024_SEE_SEN_FED_MR_NAL_ENTCAND.csv,value_mismatch,PVEM_PT_MORENA,20
SEC,2024_SEE_SEN_FED_MR_NAL_SEC.csv,value_mismatch,PAN_PRD,20
DIS,2024_SEE_DIP_FED_MR_NAL_DISCAND.csv,value_mismatch,MORENA,18
DIS,2024_SEE_DIP_FED_MR_NAL_DISCAND.csv,value_mismatch,PT,18
DIS,2024_SEE_DIP_FED_MR_NAL_DISCAND.csv,value_mismatch,PVEM,18
ENT,2024_SEE_DIP_FED_MR_NAL_ENT.csv,value_mismatch,NUM_VOTOS_CAN_NREG,18
ENT,2024_SEE_DIP_FED_MR_NAL_ENTCAND.csv,value_mismatch,NUM_VOTOS_CAN_NREG,18
ENT,2024_SEE_DIP_FED_MR_NAL_ENTPP.csv,value_mismatch,NUM_VOTOS_CAN_NREG,18
MUN,2024_SEE_DIP_FED_RP_NAL_MUN.csv,value_mismatch,PVEM_PT,18
MUN,2024_SEE_SEN_FED_RP_NAL_MUN.csv,value_mismatch,PAN_PRI,18
MUN,2024_SEE_SEN_FED_RP_NAL_MUN.csv,value_mismatch,PVEM_PT_MORENA,18
ENT,2024_SEE_SEN_FED_MR_NAL_ENT.csv,value_mismatch,PT_MORENA,17
ENT,2024_SEE_SEN_FED_MR_NAL_ENT.csv,value_mismatch,PVEM_MORENA,17
ENT,2024_SEE_SEN_FED_MR_NAL_ENT.csv,value_mismatch,PVEM_PT,17
ENT,2024_SEE_SEN_FED_MR_NAL_ENT.csv,value_mismatch,PVEM_PT_MORENA,17
MUN,2024_SEE_SEN_FED_RP_NAL_MUN.csv,value_mismatch,PVEM_MORENA,17
ENT,2024_SEE_DIP_FED_MR_NAL_ENT.csv,value_mismatch,PRI_PRD,16
MUN,2024_SEE_SEN_FED_RP_NAL_MUN.csv,value_mismatch,PT_MORENA,16
SEC,2024_SEE_SEN_FED_RP_NAL_SEC.csv,value_mismatch,PAN_PRI,16
ENT,2024_SEE_SEN_FED_MR_NAL_ENT.csv,value_mismatch,PAN_PRD,15
SEC,2024_SEE_DIP_FED_RP_NAL_SEC.csv,value_mismatch,NUM_VOTOS_CAN_NREG,15
ENT,2024_SEE_DIP_FED_MR_NAL_ENT.csv,value_mismatch,PAN_PRD,14
DIS,2024_SEE_SEN_FED_MR_NAL_DIS.csv,value_mismatch,PRI_PRD,13
MUN,2024_SEE_SEN_FED_MR_NAL_MUN.csv,value_mismatch,PRI_PRD,13
SEC,2024_SEE_SEN_FED_RP_NAL_SEC.csv,value_mismatch,PVEM_PT,13
DIS,2024_SEE_DIP_FED_RP_NAL_DISPP.csv,value_mismatch,NUM_VOTOS_CAN_NREG,12
ENT,2024_SEE_DIP_FED_MR_NAL_ENTCAND.csv,value_mismatch,MORENA,12
ENT,2024_SEE_DIP_FED_MR_NAL_ENTCAND.csv,value_mismatch,PT,12
ENT,2024_SEE_DIP_FED_MR_NAL_ENTCAND.csv,value_mismatch,PVEM,12
ENT,2024_SEE_DIP_FED_RP_NAL_ENTPP.csv,value_mismatch,NUM_VOTOS_VALIDOS,12
ENT,2024_SEE_DIP_FED_RP_NAL_ENTPP.csv,value_mismatch,TOTAL_VOTOS,12
ENT,2024_SEE_SEN_FED_MR_NAL_ENT.csv,value_mismatch,PRI_PRD,12
ENT,2024_SEE_SEN_FED_MR_NAL_ENTCAND.csv,missing_in_warehouse,PVEM_PT_MORENA,12
DIS,2024_SEE_SEN_FED_RP_NAL_DISPP.csv,value_mismatch,NUM_VOTOS_CAN_NREG,11
MUN,2024_SEE_SEN_FED_RP_NAL_MUN.csv,value_mismatch,PVEM_PT,11
SEC,2024_SEE_SEN_FED_MR_NAL_SEC.csv,value_mismatch,PRI_PRD,11
ENT,2024_SEE_DIP_FED_RP_NAL_ENTPP.csv,value_mismatch,MC,10
ENT,2024_SEE_DIP_FED_RP_NAL_ENTPP.csv,value_mismatch,NUM_VOTOS_NULOS,10
MUN,2024_SEE_DIP_FED_RP_NAL_MUN.csv,value_mismatch,NUM_VOTOS_CAN_NREG,10
MUN,2024_SEE_SEN_FED_RP_NAL_MUN.csv,value_mismatch,NUM_VOTOS_CAN_NREG,10
DIS,2024_SEE_SEN_FED_MR_NAL_DISCAND.csv,value_mismatch,PAN,9
DIS,2024_SEE_SEN_FED_MR_NAL_DISCAND.csv,value_mismatch,PRD,9
DIS,2024_SEE_SEN_FED_MR_NAL_DISCAND.csv,value_mismatch,PRI,9
SEC,2024_SEE_SEN_FED_RP_NAL_SEC.csv,value_mismatch,NUM_VOTOS_CAN_NREG,9
ENT,2024_SEE_SEN_FED_MR_NAL_ENTCAND.csv,value_mismatch,MORENA,8
ENT,2024_SEE_SEN_FED_MR_NAL_ENTCAND.csv,value_mismatch,PT,8
ENT,2024_SEE_SEN_FED_MR_NAL_ENTCAND.csv,value_mismatch,PVEM,8
MUN,2024_SEE_DIP_FED_RP_NAL_MUN.csv,value_mismatch,PAN_PRD,7
SEC,2024_SEE_DIP_FED_RP_NAL_SEC.csv,value_mismatch,PAN_PRD,7
DIS,2024_SEE_DIP_FED_MR_NAL_DIS.csv,missing_in_warehouse,PAN_PRD,6
DIS,2024_SEE_DIP_FED_MR_NAL_DIS.csv,missing_in_warehouse,PAN_PRI,6
DIS,2024_SEE_DIP_FED_MR_NAL_DIS.csv,missing_in_warehouse,PAN_PRI_PRD,6
DIS,2024_SEE_DIP_FED_MR_NAL_DIS.csv,missing_in_warehouse,PRI_PRD,6
DIS,2024_SEE_DIP_FED_MR_NAL_DISCAND.csv,missing_in_warehouse,PAN_PRI_PRD,6
ENT,2024_SEE_DIP_FED_RP_NAL_ENTPP.csv,value_mismatch,NUM_VOTOS_CAN_NREG,6
ENT,2024_SEE_SEN_FED_RP_NAL_ENTPP.csv,value_mismatch,MC,6
ENT,2024_SEE_SEN_FED_RP_NAL_ENTPP.csv,value_mismatch,NUM_VOTOS_CAN_NREG,6
ENT,2024_SEE_SEN_FED_RP_NAL_ENTPP.csv,value_mismatch,NUM_VOTOS_NULOS,6
ENT,2024_SEE_SEN_FED_RP_NAL_ENTPP.csv,value_mismatch,NUM_VOTOS_VALIDOS,6
ENT,2024_SEE_SEN_FED_RP_NAL_ENTPP.csv,value_mismatch,TOTAL_VOTOS,6
SEC,2024_SEE_DIP_FED_RP_NAL_SEC.csv,value_mismatch,PRI_PRD,6
CIR,2024_SEE_DIP_FED_RP_NAL_CIR.csv,value_mismatch,CASILLAS,5
CIR,2024_SEE_DIP_FED_RP_NAL_CIR.csv,value_mismatch,DISTRITOS,5
CIR,2024_SEE_DIP_FED_RP_NAL_CIR.csv,value_mismatch,MORENA,5
CIR,2024_SEE_DIP_FED_RP_NAL_CIR.csv,value_mismatch,PAN,5
CIR,2024_SEE_DIP_FED_RP_NAL_CIR.csv,value_mismatch,PRD,5
CIR,2024_SEE_DIP_FED_RP_NAL_CIR.csv,value_mismatch,PRI,5
CIR,2024_SEE_DIP_FED_RP_NAL_CIR.csv,value_mismatch,PT,5
CIR,2024_SEE_DIP_FED_RP_NAL_CIR.csv,value_mismatch,PVEM,5
CIR,2024_SEE_DIP_FED_RP_NAL_CIR.csv,value_mismatch,SECCIONES,5
MUN,2024_SEE_DIP_FED_RP_NAL_MUN.csv,value_mismatch,PRI_PRD,5
CIR,2024_SEE_DIP_FED_RP_NAL_CIR.csv,value_mismatch,NUM_VOTOS_NULOS,4
CIR,2024_SEE_DIP_FED_RP_NAL_CIR.csv,value_mismatch,NUM_VOTOS_VALIDOS,4
CIR,2024_SEE_DIP_FED_RP_NAL_CIR.csv,value_mismatch,TOTAL_VOTOS,4
DIS,2024_SEE_SEN_FED_RP_NAL_DISPP.csv,missing_in_csv,ACTAS_CASILLA_MEC,4
DIS,2024_SEE_SEN_FED_RP_NAL_DISPP.csv,missing_in_csv,CASILLAS,4
DIS,2024_SEE_SEN_FED_RP_NAL_DISPP.csv,missing_in_csv,LISTA_NOMINAL,4
DIS,2024_SEE_SEN_FED_RP_NAL_DISPP.csv,missing_in_csv,MC,4
DIS,2024_SEE_SEN_FED_RP_NAL_DISPP.csv,missing_in_csv,MORENA,4
DIS,2024_SEE_SEN_FED_RP_NAL_DISPP.csv,missing_in_csv,NUM_VOTOS_CAN_NREG,4
DIS,2024_SEE_SEN_FED_RP_NAL_DISPP.csv,missing_in_csv,NUM_VOTOS_NULOS,4
DIS,2024_SEE_SEN_FED_RP_NAL_DISPP.csv,missing_in_csv,NUM_VOTOS_VALIDOS,4
DIS,2024_SEE_SEN_FED_RP_NAL_DISPP.csv,missing_in_csv,PAN,4
DIS,2024_SEE_SEN_FED_RP_NAL_DISPP.csv,missing_in_csv,PRD,4
DIS,2024_SEE_SEN_FED_RP_NAL_DISPP.csv,missing_in_csv,PRI,4
DIS,2024_SEE_SEN_FED_RP_NAL_DISPP.csv,missing_in_csv,PT,4
DIS,2024_SEE_SEN_FED_RP_NAL_DISPP.csv,missing_in_csv,PVEM,4
DIS,2024_SEE_SEN_FED_RP_NAL_DISPP.csv,missing_in_csv,SECCIONES,4
DIS,2024_SEE_SEN_FED_RP_NAL_DISPP.csv,missing_in_csv,TOTAL_VOTOS,4
MUN,2024_SEE_SEN_FED_RP_NAL_MUN.csv,value_mismatch,PAN_PRD,4
SEC,2024_SEE_SEN_FED_RP_NAL_SEC.csv,value_mismatch,PAN_PRD,4
CIR,2024_SEE_DIP_FED_RP_NAL_CIR.csv,value_mismatch,MC,3
CIR,2024_SEE_DIP_FED_RP_NAL_CIR.csv,value_mismatch,NUM_VOTOS_CAN_NREG,3
ENT,2024_SEE_DIP_FED_MR_NAL_ENTCAND.csv,value_mismatch,PAN,3
ENT,2024_SEE_DIP_FED_MR_NAL_ENTCAND.csv,value_mismatch,PRD,3
ENT,2024_SEE_DIP_FED_MR_NAL_ENTCAND.csv,value_mismatch,PRI,3
ENT,2024_SEE_DIP_FED_RP_NAL_ENTPP.csv,missing_in_csv,ACTAS_CASILLA_MEC,2
ENT,2024_SEE_DIP_FED_RP_NAL_ENTPP.csv,missing_in_csv,CASILLAS,2
ENT,2024_SEE_DIP_FED_RP_NAL_ENTPP.csv,missing_in_csv,DISTRITOS,2
ENT,2024_SEE_DIP_FED_RP_NAL_ENTPP.csv,missing_in_csv,LISTA_NOMINAL,2
ENT,2024_SEE_DIP_FED_RP_NAL_ENTPP.csv,missing_in_csv,MC,2
ENT,2024_SEE_DIP_FED_RP_NAL_ENTPP.csv,missing_in_csv,MORENA,2
ENT,2024_SEE_DIP_FED_RP_NAL_ENTPP.csv,missing_in_csv,MUNICIPIOS,2
ENT,2024_SEE_DIP_FED_RP_NAL_ENTPP.csv,missing_in_csv,NUM_VOTOS_CAN_NREG,2
ENT,2024_SEE_DIP_FED_RP_NAL_ENTPP.csv,missing_in_csv,NUM_VOTOS_NULOS,2
ENT,2024_SEE_DIP_FED_RP_NAL_ENTPP.csv,missing_in_csv,NUM_VOTOS_VALIDOS,2
ENT,2024_SEE_DIP_FED_RP_NAL_ENTPP.csv,missing_in_csv,PAN,2
ENT,2024_SEE_DIP_FED_RP_NAL_ENTPP.csv,missing_in_csv,PRD,2
ENT,2024_SEE_DIP_FED_RP_NAL_ENTPP.csv,missing_in_csv,PRI,2
ENT,2024_SEE_DIP_FED_RP_NAL_ENTPP.csv,missing_in_csv,PT,2
ENT,2024_SEE_DIP_FED_RP_NAL_ENTPP.csv,missing_in_csv,PVEM,2
ENT,2024_SEE_DIP_FED_RP_NAL_ENTPP.csv,missing_in_csv,SECCIONES,2
ENT,2024_SEE_DIP_FED_RP_NAL_ENTPP.csv,missing_in_csv,TOTAL_VOTOS,2
ENT,2024_SEE_SEN_FED_MR_NAL_ENTCAND.csv,missing_in_warehouse,PAN_PRI_PRD,2
MUN,2024_SEE_SEN_FED_RP_NAL_MUN.csv,value_mismatch,PRI_PRD,2
SEC,2024_SEE_DIP_FED_RP_NAL_SEC.csv,missing_in_warehouse,MC,2
SEC,2024_SEE_DIP_FED_RP_NAL_SEC.csv,missing_in_warehouse,MORENA,2
SEC,2024_SEE_DIP_FED_RP_NAL_SEC.csv,missing_in_warehouse,NUM_VOTOS_CAN_NREG,2
SEC,2024_SEE_DIP_FED_RP_NAL_SEC.csv,missing_in_warehouse,NUM_VOTOS_NULOS,2
SEC,2024_SEE_DIP_FED_RP_NAL_SEC.csv,missing_in_warehouse,NUM_VOTOS_VALIDOS,2
SEC,2024_SEE_DIP_FED_RP_NAL_SEC.csv,missing_in_warehouse,PAN,2
SEC,2024_SEE_DIP_FED_RP_NAL_SEC.csv,missing_in_warehouse,PAN_PRD,2
SEC,2024_SEE_DIP_FED_RP_NAL_SEC.csv,missing_in_warehouse,PAN_PRI,2
SEC,2024_SEE_DIP_FED_RP_NAL_SEC.csv,missing_in_warehouse,PAN_PRI_PRD,2
SEC,2024_SEE_DIP_FED_RP_NAL_SEC.csv,missing_in_warehouse,PRD,2
SEC,2024_SEE_DIP_FED_RP_NAL_SEC.csv,missing_in_warehouse,PRI,2
SEC,2024_SEE_DIP_FED_RP_NAL_SEC.csv,missing_in_warehouse,PRI_PRD,2
SEC,2024_SEE_DIP_FED_RP_NAL_SEC.csv,missing_in_warehouse,PT,2
SEC,2024_SEE_DIP_FED_RP_NAL_SEC.csv,missing_in_warehouse,PT_MORENA,2
SEC,2024_SEE_DIP_FED_RP_NAL_SEC.csv,missing_in_warehouse,PVEM,2
SEC,2024_SEE_DIP_FED_RP_NAL_SEC.csv,missing_in_warehouse,PVEM_MORENA,2
SEC,2024_SEE_DIP_FED_RP_NAL_SEC.csv,missing_in_warehouse,PVEM_PT,2
SEC,2024_SEE_DIP_FED_RP_NAL_SEC.csv,missing_in_warehouse,PVEM_PT_MORENA,2
SEC,2024_SEE_DIP_FED_RP_NAL_SEC.csv,missing_in_warehouse,TOTAL_VOTOS,2
SEC,2024_SEE_SEN_FED_RP_NAL_SEC.csv,missing_in_warehouse,MC,2
SEC,2024_SEE_SEN_FED_RP_NAL_SEC.csv,missing_in_warehouse,MORENA,2
SEC,2024_SEE_SEN_FED_RP_NAL_SEC.csv,missing_in_warehouse,NUM_VOTOS_CAN_NREG,2
SEC,2024_SEE_SEN_FED_RP_NAL_SEC.csv,missing_in_warehouse,NUM_VOTOS_NULOS,2
SEC,2024_SEE_SEN_FED_RP_NAL_SEC.csv,missing_in_warehouse,NUM_VOTOS_VALIDOS,2
SEC,2024_SEE_SEN_FED_RP_NAL_SEC.csv,missing_in_warehouse,PAN,2
SEC,2024_SEE_SEN_FED_RP_NAL_SEC.csv,missing_in_warehouse,PAN_PRD,2
SEC,2024_SEE_SEN_FED_RP_NAL_SEC.csv,missing_in_warehouse,PAN_PRI,2
SEC,2024_SEE_SEN_FED_RP_NAL_SEC.csv,missing_in_warehouse,PAN_PRI_PRD,2
SEC,2024_SEE_SEN_FED_RP_NAL_SEC.csv,missing_in_warehouse,PRD,2
SEC,2024_SEE_SEN_FED_RP_NAL_SEC.csv,missing_in_warehouse,PRI,2
SEC,2024_SEE_SEN_FED_RP_NAL_SEC.csv,missing_in_warehouse,PRI_PRD,2
SEC,2024_SEE_SEN_FED_RP_NAL_SEC.csv,missing_in_warehouse,PT,2
SEC,2024_SEE_SEN_FED_RP_NAL_SEC.csv,missing_in_warehouse,PT_MORENA,2
SEC,2024_SEE_SEN_FED_RP_NAL_SEC.csv,missing_in_warehouse,PVEM,2
SEC,2024_SEE_SEN_FED_RP_NAL_SEC.csv,missing_in_warehouse,PVEM_MORENA,2
SEC,2024_SEE_SEN_FED_RP_NAL_SEC.csv,missing_in_warehouse,PVEM_PT,2
SEC,2024_SEE_SEN_FED_RP_NAL_SEC.csv,missing_in_warehouse,PVEM_PT_MORENA,2
SEC,2024_SEE_SEN_FED_RP_NAL_SEC.csv,missing_in_warehouse,TOTAL_VOTOS,2
SEC,2024_SEE_SEN_FED_RP_NAL_SEC.csv,value_mismatch,PRI_PRD,2
DIS,2024_SEE_DIP_FED_MR_NAL_DISCAND.csv,missing_in_csv,ACTAS_CASILLA_MEC,1
DIS,2024_SEE_DIP_FED_MR_NAL_DISCAND.csv,missing_in_csv,CAND_IND1,1
DIS,2024_SEE_DIP_FED_MR_NAL_DISCAND.csv,missing_in_csv,CAND_IND2,1
DIS,2024_SEE_DIP_FED_MR_NAL_DISCAND.csv,missing_in_csv,CASILLAS,1
DIS,2024_SEE_DIP_FED_MR_NAL_DISCAND.csv,missing_in_csv,LISTA_NOMINAL,1
DIS,2024_SEE_DIP_FED_MR_NAL_DISCAND.csv,missing_in_csv,MC,1
DIS,2024_SEE_DIP_FED_MR_NAL_DISCAND.csv,missing_in_csv,MORENA,1
DIS,2024_SEE_DIP_FED_MR_NAL_DISCAND.csv,missing_in_csv,NUM_VOTOS_CAN_NREG,1
DIS,2024_SEE_DIP_FED_MR_NAL_DISCAND.csv,missing_in_csv,NUM_VOTOS_NULOS,1
DIS,2024_SEE_DIP_FED_MR_NAL_DISCAND.csv,missing_in_csv,NUM_VOTOS_VALIDOS,1
DIS,2024_SEE_DIP_FED_MR_NAL_DISCAND.csv,missing_in_csv,PAN,1
DIS,2024_SEE_DIP_FED_MR_NAL_DISCAND.csv,missing_in_csv,PAN_PRI_PRD,1
DIS,2024_SEE_DIP_FED_MR_NAL_DISCAND.csv,missing_in_csv,PRD,1
DIS,2024_SEE_DIP_FED_MR_NAL_DISCAND.csv,missing_in_csv,PRI,1
DIS,2024_SEE_DIP_FED_MR_NAL_DISCAND.csv,missing_in_csv,PT,1
DIS,2024_SEE_DIP_FED_MR_NAL_DISCAND.csv,missing_in_csv,PVEM,1
DIS,2024_SEE_DIP_FED_MR_NAL_DISCAND.csv,missing_in_csv,PVEM_PT_MORENA,1
DIS,2024_SEE_DIP_FED_MR_NAL_DISCAND.csv,missing_in_csv,SECCIONES,1
DIS,2024_SEE_DIP_FED_MR_NAL_DISCAND.csv,missing_in_csv,TOTAL_VOTOS,1
ENT,2024_SEE_DIP_FED_MR_NAL_ENT.csv,missing_in_warehouse,PT_MORENA,1
ENT,2024_SEE_DIP_FED_MR_NAL_ENT.csv,missing_in_warehouse,PVEM_MORENA,1
ENT,2024_SEE_DIP_FED_MR_NAL_ENT.csv,missing_in_warehouse,PVEM_PT,1
ENT,2024_SEE_DIP_FED_MR_NAL_ENT.csv,missing_in_warehouse,PVEM_PT_MORENA,1
ENT,2024_SEE_DIP_FED_MR_NAL_ENTCAND.csv,missing_in_csv,ACTAS_CASILLA_MEC,1
ENT,2024_SEE_DIP_FED_MR_NAL_ENTCAND.csv,missing_in_csv,CAND_IND1,1
ENT,2024_SEE_DIP_FED_MR_NAL_ENTCAND.csv,missing_in_csv,CAND_IND2,1
ENT,2024_SEE_DIP_FED_MR_NAL_ENTCAND.csv,missing_in_csv,CASILLAS,1
ENT,2024_SEE_DIP_FED_MR_NAL_ENTCAND.csv,missing_in_csv,DISTRITOS,1
ENT,2024_SEE_DIP_FED_MR_NAL_ENTCAND.csv,missing_in_csv,LISTA_NOMINAL,1
ENT,2024_SEE_DIP_FED_MR_NAL_ENTCAND.csv,missing_in_csv,MC,1
ENT,2024_SEE_DIP_FED_MR_NAL_ENTCAND.csv,missing_in_csv,MORENA,1
ENT,2024_SEE_DIP_FED_MR_NAL_ENTCAND.csv,missing_in_csv,MUNICIPIOS,1
ENT,2024_SEE_DIP_FED_MR_NAL_ENTCAND.csv,missing_in_csv,NUM_VOTOS_CAN_NREG,1
ENT,2024_SEE_DIP_FED_MR_NAL_ENTCAND.csv,missing_in_csv,NUM_VOTOS_NULOS,1
ENT,2024_SEE_DIP_FED_MR_NAL_ENTCAND.csv,missing_in_csv,NUM_VOTOS_VALIDOS,1
ENT,2024_SEE_DIP_FED_MR_NAL_ENTCAND.csv,missing_in_csv,PAN,1
ENT,2024_SEE_DIP_FED_MR_NAL_ENTCAND.csv,missing_in_csv,PAN_PRI_PRD,1
ENT,2024_SEE_DIP_FED_MR_NAL_ENTCAND.csv,missing_in_csv,PRD,1
ENT,2024_SEE_DIP_FED_MR_NAL_ENTCAND.csv,missing_in_csv,PRI,1
ENT,2024_SEE_DIP_FED_MR_NAL_ENTCAND.csv,missing_in_csv,PT,1
ENT,2024_SEE_DIP_FED_MR_NAL_ENTCAND.csv,missing_in_csv,PVEM,1
ENT,2024_SEE_DIP_FED_MR_NAL_ENTCAND.csv,missing_in_csv,PVEM_PT_MORENA,1
ENT,2024_SEE_DIP_FED_MR_NAL_ENTCAND.csv,missing_in_csv,SECCIONES,1
ENT,2024_SEE_DIP_FED_MR_NAL_ENTCAND.csv,missing_in_csv,TOTAL_VOTOS,1
ENT,2024_SEE_DIP_FED_MR_NAL_ENTCAND.csv,missing_in_warehouse,PVEM_PT_MORENA,1
ENT,2024_SEE_SEN_FED_MR_NAL_ENT.csv,missing_in_warehouse,PAN_PRD,1
ENT,2024_SEE_SEN_FED_MR_NAL_ENT.csv,missing_in_warehouse,PAN_PRI,1
ENT,2024_SEE_SEN_FED_MR_NAL_ENT.csv,missing_in_warehouse,PAN_PRI_PRD,1
ENT,2024_SEE_SEN_FED_MR_NAL_ENT.csv,missing_in_warehouse,PRI_PRD,1
ENT,2024_SEE_SEN_FED_MR_NAL_ENT.csv,missing_in_warehouse,PT_MORENA,1
ENT,2024_SEE_SEN_FED_MR_NAL_ENT.csv,missing_in_warehouse,PVEM_MORENA,1
ENT,2024_SEE_SEN_FED_MR_NAL_ENT.csv,missing_in_warehouse,PVEM_PT,1
ENT,2024_SEE_SEN_FED_MR_NAL_ENT.csv,missing_in_warehouse,PVEM_PT_MORENA,1
ENT,2024_SEE_SEN_FED_MR_NAL_ENTCAND.csv,value_mismatch,PAN,1
ENT,2024_SEE_SEN_FED_MR_NAL_ENTCAND.csv,value_mismatch,PRD,1
ENT,2024_SEE_SEN_FED_MR_NAL_ENTCAND.csv,value_mismatch,PRI,1
NAL,2024_SEE_DIP_FED_MR_NAL.csv,value_mismatch,CASILLAS,1
NAL,2024_SEE_DIP_FED_MR_NAL.csv,value_mismatch,DISTRITOS,1
NAL,2024_SEE_DIP_FED_MR_NAL.csv,value_mismatch,MC,1
NAL,2024_SEE_DIP_FED_MR_NAL.csv,value_mismatch,MORENA,1
NAL,2024_SEE_DIP_FED_MR_NAL.csv,value_mismatch,MUNICIPIOS,1
NAL,2024_SEE_DIP_FED_MR_NAL.csv,value_mismatch,NUM_VOTOS_CAN_NREG,1
NAL,2024_SEE_DIP_FED_MR_NAL.csv,value_mismatch,NUM_VOTOS_NULOS,1
NAL,2024_SEE_DIP_FED_MR_NAL.csv,value_mismatch,NUM_VOTOS_VALIDOS,1
NAL,2024_SEE_DIP_FED_MR_NAL.csv,value_mismatch,PAN,1
NAL,2024_SEE_DIP_FED_MR_NAL.csv,value_mismatch,PAN_PRD,1
NAL,2024_SEE_DIP_FED_MR_NAL.csv,value_mismatch,PAN_PRI,1
NAL,2024_SEE_DIP_FED_MR_NAL.csv,value_mismatch,PAN_PRI_PRD,1
NAL,2024_SEE_DIP_FED_MR_NAL.csv,value_mismatch,PRD,1
NAL,2024_SEE_DIP_FED_MR_NAL.csv,value_mismatch,PRI,1
NAL,2024_SEE_DIP_FED_MR_NAL.csv,value_mismatch,PRI_PRD,1
NAL,2024_SEE_DIP_FED_MR_NAL.csv,value_mismatch,PT,1
NAL,2024_SEE_DIP_FED_MR_NAL.csv,value_mismatch,PT_MORENA,1
NAL,2024_SEE_DIP_FED_MR_NAL.csv,value_mismatch,PVEM,1
NAL,2024_SEE_DIP_FED_MR_NAL.csv,value_mismatch,PVEM_MORENA,1
NAL,2024_SEE_DIP_FED_MR_NAL.csv,value_mismatch,PVEM_PT,1
NAL,2024_SEE_DIP_FED_MR_NAL.csv,value_mismatch,PVEM_PT_MORENA,1
NAL,2024_SEE_DIP_FED_MR_NAL.csv,value_mismatch,SECCIONES,1
NAL,2024_SEE_DIP_FED_MR_NAL.csv,value_mismatch,TOTAL_VOTOS,1
NAL,2024_SEE_DIP_FED_MR_NALCAND.csv,value_mismatch,CASILLAS,1
NAL,2024_SEE_DIP_FED_MR_NALCAND.csv,value_mismatch,DISTRITOS,1
NAL,2024_SEE_DIP_FED_MR_NALCAND.csv,value_mismatch,MC,1
NAL,2024_SEE_DIP_FED_MR_NALCAND.csv,value_mismatch,MORENA,1
NAL,2024_SEE_DIP_FED_MR_NALCAND.csv,value_mismatch,MUNICIPIOS,1
NAL,2024_SEE_DIP_FED_MR_NALCAND.csv,value_mismatch,NUM_VOTOS_CAN_NREG,1
NAL,2024_SEE_DIP_FED_MR_NALCAND.csv,value_mismatch,NUM_VOTOS_NULOS,1
NAL,2024_SEE_DIP_FED_MR_NALCAND.csv,value_mismatch,NUM_VOTOS_VALIDOS,1
NAL,2024_SEE_DIP_FED_MR_NALCAND.csv,value_mismatch,PAN,1
NAL,2024_SEE_DIP_FED_MR_NALCAND.csv,value_mismatch,PAN_PRI_PRD,1
NAL,2024_SEE_DIP_FED_MR_NALCAND.csv,value_mismatch,PRD,1
NAL,2024_SEE_DIP_FED_MR_NALCAND.csv,value_mismatch,PRI,1
NAL,2024_SEE_DIP_FED_MR_NALCAND.csv,value_mismatch,PT,1
NAL,2024_SEE_DIP_FED_MR_NALCAND.csv,value_mismatch,PVEM,1
NAL,2024_SEE_DIP_FED_MR_NALCAND.csv,value_mismatch,PVEM_PT_MORENA,1
NAL,2024_SEE_DIP_FED_MR_NALCAND.csv,value_mismatch,SECCIONES,1
NAL,2024_SEE_DIP_FED_MR_NALCAND.csv,value_mismatch,TOTAL_VOTOS,1
NAL,2024_SEE_DIP_FED_MR_NALPP.csv,value_mismatch,CASILLAS,1
NAL,2024_SEE_DIP_FED_MR_NALPP.csv,value_mismatch,DISTRITOS,1
NAL,2024_SEE_DIP_FED_MR_NALPP.csv,value_mismatch,MC,1
NAL,2024_SEE_DIP_FED_MR_NALPP.csv,value_mismatch,MORENA,1
NAL,2024_SEE_DIP_FED_MR_NALPP.csv,value_mismatch,MUNICIPIOS,1
NAL,2024_SEE_DIP_FED_MR_NALPP.csv,value_mismatch,NUM_VOTOS_CAN_NREG,1
NAL,2024_SEE_DIP_FED_MR_NALPP.csv,value_mismatch,NUM_VOTOS_NULOS,1
NAL,2024_SEE_DIP_FED_MR_NALPP.csv,value_mismatch,NUM_VOTOS_VALIDOS,1
NAL,2024_SEE_DIP_FED_MR_NALPP.csv,value_mismatch,PAN,1
NAL,2024_SEE_DIP_FED_MR_NALPP.csv,value_mismatch,PRD,1
NAL,2024_SEE_DIP_FED_MR_NALPP.csv,value_mismatch,PRI,1
NAL,2024_SEE_DIP_FED_MR_NALPP.csv,value_mismatch,PT,1
NAL,2024_SEE_DIP_FED_MR_NALPP.csv,value_mismatch,PVEM,1
NAL,2024_SEE_DIP_FED_MR_NALPP.csv,value_mismatch,SECCIONES,1
NAL,2024_SEE_DIP_FED_MR_NALPP.csv,value_mismatch,TOTAL_VOTOS,1
NAL,2024_SEE_DIP_FED_RP_NALPP.csv,value_mismatch,CASILLAS,1
NAL,2024_SEE_DIP_FED_RP_NALPP.csv,value_mismatch,DISTRITOS,1
NAL,2024_SEE_DIP_FED_RP_NALPP.csv,value_mismatch,MC,1
NAL,2024_SEE_DIP_FED_RP_NALPP.csv,value_mismatch,MORENA,1
NAL,2024_SEE_DIP_FED_RP_NALPP.csv,value_mismatch,MUNICIPIOS,1
NAL,2024_SEE_DIP_FED_RP_NALPP.csv,value_mismatch,NUM_VOTOS_CAN_NREG,1
NAL,2024_SEE_DIP_FED_RP_NALPP.csv,value_mismatch,NUM_VOTOS_NULOS,1
NAL,2024_SEE_DIP_FED_RP_NALPP.csv,value_mismatch,NUM_VOTOS_VALIDOS,1
NAL,2024_SEE_DIP_FED_RP_NALPP.csv,value_mismatch,PAN,1
NAL,2024_SEE_DIP_FED_RP_NALPP.csv,value_mismatch,PRD,1
NAL,2024_SEE_DIP_FED_RP_NALPP.csv,value_mismatch,PRI,1
NAL,2024_SEE_DIP_FED_RP_NALPP.csv,value_mismatch,PT,1
NAL,2024_SEE_DIP_FED_RP_NALPP.csv,value_mismatch,PVEM,1
NAL,2024_SEE_DIP_FED_RP_NALPP.csv,value_mismatch,SECCIONES,1
NAL,2024_SEE_DIP_FED_RP_NALPP.csv,value_mismatch,TOTAL_VOTOS,1
NAL,2024_SEE_PRE_NAL.csv,value_mismatch,CASILLAS,1
NAL,2024_SEE_PRE_NAL.csv,value_mismatch,DISTRITOS,1
NAL,2024_SEE_PRE_NAL.csv,value_mismatch,MUNICIPIOS,1
NAL,2024_SEE_PRE_NAL.csv,value_mismatch,SECCIONES,1
NAL,2024_SEE_PRE_NALCAND.csv,value_mismatch,CASILLAS,1
NAL,2024_SEE_PRE_NALCAND.csv,value_mismatch,DISTRITOS,1
NAL,2024_SEE_PRE_NALCAND.csv,value_mismatch,MUNICIPIOS,1
NAL,2024_SEE_PRE_NALCAND.csv,value_mismatch,PAN_PRI_PRD,1
NAL,2024_SEE_PRE_NALCAND.csv,value_mismatch,PVEM_PT_MORENA,1
NAL,2024_SEE_PRE_NALCAND.csv,value_mismatch,SECCIONES,1
NAL,2024_SEE_PRE_NALPP.csv,value_mismatch,CASILLAS,1
NAL,2024_SEE_PRE_NALPP.csv,value_mismatch,DISTRITOS,1
NAL,2024_SEE_PRE_NALPP.csv,value_mismatch,MORENA,1
NAL,2024_SEE_PRE_NALPP.csv,value_mismatch,MUNICIPIOS,1
NAL,2024_SEE_PRE_NALPP.csv,value_mismatch,PAN,1
NAL,2024_SEE_PRE_NALPP.csv,value_mismatch,PRD,1
NAL,2024_SEE_PRE_NALPP.csv,value_mismatch,PRI,1
NAL,2024_SEE_PRE_NALPP.csv,value_mismatch,PT,1
NAL,2024_SEE_PRE_NALPP.csv,value_mismatch,PVEM,1
NAL,2024_SEE_PRE_NALPP.csv,value_mismatch,SECCIONES,1
NAL,2024_SEE_SEN_FED_MR_NAL.csv,value_mismatch,CASILLAS,1
NAL,2024_SEE_SEN_FED_MR_NAL.csv,value_mismatch,DISTRITOS,1
NAL,2024_SEE_SEN_FED_MR_NAL.csv,value_mismatch,MC,1
NAL,2024_SEE_SEN_FED_MR_NAL.csv,value_mismatch,MORENA,1
NAL,2024_SEE_SEN_FED_MR_NAL.csv,value_mismatch,MUNICIPIOS,1
NAL,2024_SEE_SEN_FED_MR_NAL.csv,value_mismatch,NUM_VOTOS_CAN_NREG,1
NAL,2024_SEE_SEN_FED_MR_NAL.csv,value_mismatch,NUM_VOTOS_NULOS,1
NAL,2024_SEE_SEN_FED_MR_NAL.csv,value_mismatch,NUM_VOTOS_VALIDOS,1
NAL,2024_SEE_SEN_FED_MR_NAL.csv,value_mismatch,PAN,1
NAL,2024_SEE_SEN_FED_MR_NAL.csv,value_mismatch,PAN_PRD,1
NAL,2024_SEE_SEN_FED_MR_NAL.csv,value_mismatch,PAN_PRI,1
NAL,2024_SEE_SEN_FED_MR_NAL.csv,value_mismatch,PAN_PRI_PRD,1
NAL,2024_SEE_SEN_FED_MR_NAL.csv,value_mismatch,PRD,1
NAL,2024_SEE_SEN_FED_MR_NAL.csv,value_mismatch,PRI,1
NAL,2024_SEE_SEN_FED_MR_NAL.csv,value_mismatch,PRI_PRD,1
NAL,2024_SEE_SEN_FED_MR_NAL.csv,value_mismatch,PT,1
NAL,2024_SEE_SEN_FED_MR_NAL.csv,value_mismatch,PT_MORENA,1
NAL,2024_SEE_SEN_FED_MR_NAL.csv,value_mismatch,PVEM,1
NAL,2024_SEE_SEN_FED_MR_NAL.csv,value_mismatch,PVEM_MORENA,1
NAL,2024_SEE_SEN_FED_MR_NAL.csv,value_mismatch,PVEM_PT,1
NAL,2024_SEE_SEN_FED_MR_NAL.csv,value_mismatch,PVEM_PT_MORENA,1
NAL,2024_SEE_SEN_FED_MR_NAL.csv,value_mismatch,SECCIONES,1
NAL,2024_SEE_SEN_FED_MR_NAL.csv,value_mismatch,TOTAL_VOTOS,1
NAL,2024_SEE_SEN_FED_MR_NALCAND.csv,value_mismatch,CASILLAS,1
NAL,2024_SEE_SEN_FED_MR_NALCAND.csv,value_mismatch,DISTRITOS,1
NAL,2024_SEE_SEN_FED_MR_NALCAND.csv,value_mismatch,MC,1
NAL,2024_SEE_SEN_FED_MR_NALCAND.csv,value_mismatch,MORENA,1
NAL,2024_SEE_SEN_FED_MR_NALCAND.csv,value_mismatch,MUNICIPIOS,1
NAL,2024_SEE_SEN_FED_MR_NALCAND.csv,value_mismatch,NUM_VOTOS_CAN_NREG,1
NAL,2024_SEE_SEN_FED_MR_NALCAND.csv,value_mismatch,NUM_VOTOS_NULOS,1
NAL,2024_SEE_SEN_FED_MR_NALCAND.csv,value_mismatch,NUM_VOTOS_VALIDOS,1
NAL,2024_SEE_SEN_FED_MR_NALCAND.csv,value_mismatch,PAN,1
NAL,2024_SEE_SEN_FED_MR_NALCAND.csv,value_mismatch,PAN_PRI_PRD,1
NAL,2024_SEE_SEN_FED_MR_NALCAND.csv,value_mismatch,PRD,1
NAL,2024_SEE_SEN_FED_MR_NALCAND.csv,value_mismatch,PRI,1
NAL,2024_SEE_SEN_FED_MR_NALCAND.csv,value_mismatch,PT,1
NAL,2024_SEE_SEN_FED_MR_NALCAND.csv,value_mismatch,PVEM,1
NAL,2024_SEE_SEN_FED_MR_NALCAND.csv,value_mismatch,PVEM_PT_MORENA,1
NAL,2024_SEE_SEN_FED_MR_NALCAND.csv,value_mismatch,SECCIONES,1
NAL,2024_SEE_SEN_FED_MR_NALCAND.csv,value_mismatch,TOTAL_VOTOS,1
NAL,2024_SEE_SEN_FED_MR_NALPP.csv,value_mismatch,CASILLAS,1
NAL,2024_SEE_SEN_FED_MR_NALPP.csv,value_mismatch,DISTRITOS,1
NAL,2024_SEE_SEN_FED_MR_NALPP.csv,value_mismatch,MC,1
NAL,2024_SEE_SEN_FED_MR_NALPP.csv,value_mismatch,MORENA,1
NAL,2024_SEE_SEN_FED_MR_NALPP.csv,value_mismatch,MUNICIPIOS,1
NAL,2024_SEE_SEN_FED_MR_NALPP.csv,value_mismatch,NUM_VOTOS_CAN_NREG,1
NAL,2024_SEE_SEN_FED_MR_NALPP.csv,value_mismatch,NUM_VOTOS_NULOS,1
NAL,2024_SEE_SEN_FED_MR_NALPP.csv,value_mismatch,NUM_VOTOS_VALIDOS,1
NAL,2024_SEE_SEN_FED_MR_NALPP.csv,value_mismatch,PAN,1
NAL,2024_SEE_SEN_FED_MR_NALPP.csv,value_mismatch,PRD,1
NAL,2024_SEE_SEN_FED_MR_NALPP.csv,value_mismatch,PRI,1
NAL,2024_SEE_SEN_FED_MR_NALPP.csv,value_mismatch,PT,1
NAL,2024_SEE_SEN_FED_MR_NALPP.csv,value_mismatch,PVEM,1
NAL,2024_SEE_SEN_FED_MR_NALPP.csv,value_mismatch,SECCIONES,1
NAL,2024_SEE_SEN_FED_MR_NALPP.csv,value_mismatch,TOTAL_VOTOS,1
NAL,2024_SEE_SEN_FED_RP_NALPP.csv,value_mismatch,CASILLAS,1
NAL,2024_SEE_SEN_FED_RP_NALPP.csv,value_mismatch,DISTRITOS,1
NAL,2024_SEE_SEN_FED_RP_NALPP.csv,value_mismatch,MC,1
NAL,2024_SEE_SEN_FED_RP_NALPP.csv,value_mismatch,MORENA,1
NAL,2024_SEE_SEN_FED_RP_NALPP.csv,value_mismatch,MUNICIPIOS,1
NAL,2024_SEE_SEN_FED_RP_NALPP.csv,value_mismatch,NUM_VOTOS_CAN_NREG,1
NAL,2024_SEE_SEN_FED_RP_NALPP.csv,value_mismatch,NUM_VOTOS_NULOS,1
NAL,2024_SEE_SEN_FED_RP_NALPP.csv,value_mismatch,NUM_VOTOS_VALIDOS,1
NAL,2024_SEE_SEN_FED_RP_NALPP.csv,value_mismatch,PAN,1
NAL,2024_SEE_SEN_FED_RP_NALPP.csv,value_mismatch,PRD,1
NAL,2024_SEE_SEN_FED_RP_NALPP.csv,value_mismatch,PRI,1
NAL,2024_SEE_SEN_FED_RP_NALPP.csv,value_mismatch,PT,1
NAL,2024_SEE_SEN_FED_RP_NALPP.csv,value_mismatch,PVEM,1
NAL,2024_SEE_SEN_FED_RP_NALPP.csv,value_mismatch,SECCIONES,1
NAL,2024_SEE_SEN_FED_RP_NALPP.csv,value_mismatch,TOTAL_VOTOS,1
