"gaceta_vote_id","party_key","vote_choice","ordinal","deputy_name","vote_display","tile_number","x","y","tooltip"
"GACETA_L66_TABLA1OR1_2","MC","Contra",1,"Ballesteros Mancilla Laura Irais","No",1,1,-1,"<b>Ballesteros Mancilla Laura Irais</b><br>Partido: MC<br>Voto: No<br>Orden en la fuente: 1"
"GACETA_L66_TABLA1OR1_2","MC","Contra",2,"De Hoyos Walther Gustavo Adolfo","No",2,2,-1,"<b>De Hoyos Walther Gustavo Adolfo</b><br>Partido: MC<br>Voto: No<br>Orden en la fuente: 2"
"GACETA_L66_TABLA1OR1_2","MC","Contra",3,"Farías Bailon Francisco Javier","No",3,3,-1,"<b>Farías Bailon Francisco Javier</b><br>Partido: MC<br>Voto: No<br>Orden en la fuente: 3"
"GACETA_L66_TABLA1OR1_2","MC","Contra",4,"Flores Elizondo Patricia","No",4,4,-1,"<b>Flores Elizondo Patricia</b><br>Partido: MC<br>Voto: No<br>Orden en la fuente: 4"
"GACETA_L66_TABLA1OR1_2","MC","Contra",5,"García León María de Fátima","No",5,5,-1,"<b>García León María de Fátima</b><br>Partido: MC<br>Voto: No<br>Orden en la fuente: 5"
"GACETA_L66_TABLA1OR1_2","MC","Contra",6,"Gil Rullán Sergio","No",6,6,-1,"<b>Gil Rullán Sergio</b><br>Partido: MC<br>Voto: No<br>Orden en la fuente: 6"
"GACETA_L66_TABLA1OR1_2","MC","Contra",7,"Gómez Villalobos Tecutli José G.","No",7,7,-1,"<b>Gómez Villalobos Tecutli José G.</b><br>Partido: MC<br>Voto: No<br>Orden en la fuente: 7"
"GACETA_L66_TABLA1OR1_2","MC","Contra",8,"González Franco Amancay","No",8,8,-1,"<b>González Franco Amancay</b><br>Partido: MC<br>Voto: No<br>Orden en la fuente: 8"
"GACETA_L66_TABLA1OR1_2","MC","Contra",9,"Hernández García Laura","No",9,9,-1,"<b>Hernández García Laura</b><br>Partido: MC<br>Voto: No<br>Orden en la fuente: 9"
"GACETA_L66_TABLA1OR1_2","MC","Contra",10,"Longoria López Paola Michell","No",10,10,-1,"<b>Longoria López Paola Michell</b><br>Partido: MC<br>Voto: No<br>Orden en la fuente: 10"
"GACETA_L66_TABLA1OR1_2","MC","Contra",11,"Lozano Caballero Raúl","No",11,11,-1,"<b>Lozano Caballero Raúl</b><br>Partido: MC<br>Voto: No<br>Orden en la fuente: 11"
"GACETA_L66_TABLA1OR1_2","MC","Contra",12,"Lozoya Santillán Jorge Alfredo","No",12,12,-1,"<b>Lozoya Santillán Jorge Alfredo</b><br>Partido: MC<br>Voto: No<br>Orden en la fuente: 12"
"GACETA_L66_TABLA1OR1_2","MC","Contra",13,"Luna Vázquez Hugo Manuel","No",13,13,-1,"<b>Luna Vázquez Hugo Manuel</b><br>Partido: MC<br>Voto: No<br>Orden en la fuente: 13"
"GACETA_L66_TABLA1OR1_2","MC","Contra",14,"Mercado Castro Patricia","No",14,14,-1,"<b>Mercado Castro Patricia</b><br>Partido: MC<br>Voto: No<br>Orden en la fuente: 14"
"GACETA_L66_TABLA1OR1_2","MC","Contra",15,"Muñoz Moreno Anayeli","No",15,15,-1,"<b>Muñoz Moreno Anayeli</b><br>Partido: MC<br>Voto: No<br>Orden en la fuente: 15"
"GACETA_L66_TABLA1OR1_2","MC","Contra",16,"Núñez Sánchez Gloria Elizabeth","No",16,16,-1,"<b>Núñez Sánchez Gloria Elizabeth</b><br>Partido: MC<br>Voto: No<br>Orden en la fuente: 16"
"GACETA_L66_TABLA1OR1_2","MC","Contra",17,"Ortega Pacheco Ivonne Aracelly","No",17,17,-1,"<b>Ortega Pacheco Ivonne Aracelly</b><br>Partido: MC<br>Voto: No<br>Orden en la fuente: 17"
"GACETA_L66_TABLA1OR1_2","MC","Contra",18,"Pérez Gabino Gildardo","No",18,18,-1,"<b>Pérez Gabino Gildardo</b><br>Partido: MC<br>Voto: No<br>Orden en la fuente: 18"
"GACETA_L66_TABLA1OR1_2","MC","Contra",19,"Ramírez Reyes Gibran","No",19,19,-1,"<b>Ramírez Reyes Gibran</b><br>Partido: MC<br>Voto: No<br>Orden en la fuente: 19"
"GACETA_L66_TABLA1OR1_2","MC","Contra",20,"Reyes de la Torre Irais Virginia","No",20,20,-1,"<b>Reyes de la Torre Irais Virginia</b><br>Partido: MC<br>Voto: No<br>Orden en la fuente: 20"
"GACETA_L66_TABLA1OR1_2","MC","Contra",21,"Ruiz Hernández Juan Armando","No",21,21,-1,"<b>Ruiz Hernández Juan Armando</b><br>Partido: MC<br>Voto: No<br>Orden en la fuente: 21"
"GACETA_L66_TABLA1OR1_2","MC","Contra",22,"Ruiz Massieu Salinas Claudia","No",22,22,-1,"<b>Ruiz Massieu Salinas Claudia</b><br>Partido: MC<br>Voto: No<br>Orden en la fuente: 22"
"GACETA_L66_TABLA1OR1_2","MC","Contra",23,"Salas Rodríguez Claudia Gabriela","No",23,23,-1,"<b>Salas Rodríguez Claudia Gabriela</b><br>Partido: MC<br>Voto: No<br>Orden en la fuente: 23"
"GACETA_L66_TABLA1OR1_2","MC","Contra",24,"Samperio Montaño Juan Ignacio","No",24,24,-1,"<b>Samperio Montaño Juan Ignacio</b><br>Partido: MC<br>Voto: No<br>Orden en la fuente: 24"
"GACETA_L66_TABLA1OR1_2","MC","Contra",25,"Sánchez Rivera Miguel Ángel","No",25,1,-2,"<b>Sánchez Rivera Miguel Ángel</b><br>Partido: MC<br>Voto: No<br>Orden en la fuente: 25"
"GACETA_L66_TABLA1OR1_2","MC","Contra",26,"Vázquez Ahued Pablo","No",26,2,-2,"<b>Vázquez Ahued Pablo</b><br>Partido: MC<br>Voto: No<br>Orden en la fuente: 26"
"GACETA_L66_TABLA1OR1_2","MC","Contra",27,"Zavala Gutiérrez Juan Ignacio","No",27,3,-2,"<b>Zavala Gutiérrez Juan Ignacio</b><br>Partido: MC<br>Voto: No<br>Orden en la fuente: 27"
"GACETA_L66_TABLA1OR1_2","MRN","Favor",1,"Abreu Artiñano Rocío Adriana","Sí",1,1,-1,"<b>Abreu Artiñano Rocío Adriana</b><br>Partido: MRN<br>Voto: Sí<br>Orden en la fuente: 1"
"GACETA_L66_TABLA1OR1_2","MRN","Favor",2,"Acosta Ruiz José Carlos","Sí",2,2,-1,"<b>Acosta Ruiz José Carlos</b><br>Partido: MRN<br>Voto: Sí<br>Orden en la fuente: 2"
"GACETA_L66_TABLA1OR1_2","MRN","Favor",3,"Acosta Trujillo Juana","Sí",3,3,-1,"<b>Acosta Trujillo Juana</b><br>Partido: MRN<br>Voto: Sí<br>Orden en la fuente: 3"
"GACETA_L66_TABLA1OR1_2","MRN","Favor",4,"Aguirre Gallardo José Javier","Sí",4,4,-1,"<b>Aguirre Gallardo José Javier</b><br>Partido: MRN<br>Voto: Sí<br>Orden en la fuente: 4"
"GACETA_L66_TABLA1OR1_2","MRN","Favor",5,"Aldana Navarro Luis Humberto","Sí",5,5,-1,"<b>Aldana Navarro Luis Humberto</b><br>Partido: MRN<br>Voto: Sí<br>Orden en la fuente: 5"
"GACETA_L66_TABLA1OR1_2","MRN","Favor",6,"Alonso Gutiérrez Agustín","Sí",6,6,-1,"<b>Alonso Gutiérrez Agustín</b><br>Partido: MRN<br>Voto: Sí<br>Orden en la fuente: 6"
"GACETA_L66_TABLA1OR1_2","MRN","Favor",7,"Álvarez López Jesús Emiliano","Sí",7,7,-1,"<b>Álvarez López Jesús Emiliano</b><br>Partido: MRN<br>Voto: Sí<br>Orden en la fuente: 7"
"GACETA_L66_TABLA1OR1_2","MRN","Favor",8,"Alvarez Nemer Mónica Angélica","Sí",8,8,-1,"<b>Alvarez Nemer Mónica Angélica</b><br>Partido: MRN<br>Voto: Sí<br>Orden en la fuente: 8"
"GACETA_L66_TABLA1OR1_2","MRN","Favor",9,"Alvarez Villaseñor Raúl","Sí",9,9,-1,"<b>Alvarez Villaseñor Raúl</b><br>Partido: MRN<br>Voto: Sí<br>Orden en la fuente: 9"
"GACETA_L66_TABLA1OR1_2","MRN","Favor",10,"Anaya Martínez Josefina","Sí",10,10,-1,"<b>Anaya Martínez Josefina</b><br>Partido: MRN<br>Voto: Sí<br>Orden en la fuente: 10"
"GACETA_L66_TABLA1OR1_2","MRN","Favor",11,"Anaya Villegas Sandra","Sí",11,11,-1,"<b>Anaya Villegas Sandra</b><br>Partido: MRN<br>Voto: Sí<br>Orden en la fuente: 11"
"GACETA_L66_TABLA1OR1_2","MRN","Favor",12,"Andrade Zurutuza Daniel","Sí",12,12,-1,"<b>Andrade Zurutuza Daniel</b><br>Partido: MRN<br>Voto: Sí<br>Orden en la fuente: 12"
"GACETA_L66_TABLA1OR1_2","MRN","Favor",13,"Antonio Altamirano Carol","Sí",13,13,-1,"<b>Antonio Altamirano Carol</b><br>Partido: MRN<br>Voto: Sí<br>Orden en la fuente: 13"
"GACETA_L66_TABLA1OR1_2","MRN","Favor",14,"Arellano Ávila Giselle Yunueen","Sí",14,14,-1,"<b>Arellano Ávila Giselle Yunueen</b><br>Partido: MRN<br>Voto: Sí<br>Orden en la fuente: 14"
"GACETA_L66_TABLA1OR1_2","MRN","Favor",15,"Armendáriz Guerra Carmen Patricia","Sí",15,15,-1,"<b>Armendáriz Guerra Carmen Patricia</b><br>Partido: MRN<br>Voto: Sí<br>Orden en la fuente: 15"
"GACETA_L66_TABLA1OR1_2","MRN","Favor",16,"Arreola Lopez Haidyd","Sí",16,16,-1,"<b>Arreola Lopez Haidyd</b><br>Partido: MRN<br>Voto: Sí<br>Orden en la fuente: 16"
"GACETA_L66_TABLA1OR1_2","MRN","Favor",17,"Arreola Trinidad Azucena","Sí",17,17,-1,"<b>Arreola Trinidad Azucena</b><br>Partido: MRN<br>Voto: Sí<br>Orden en la fuente: 17"
"GACETA_L66_TABLA1OR1_2","MRN","Favor",18,"Arzola Vargas Xóchitl Teresa","Sí",18,18,-1,"<b>Arzola Vargas Xóchitl Teresa</b><br>Partido: MRN<br>Voto: Sí<br>Orden en la fuente: 18"
"GACETA_L66_TABLA1OR1_2","MRN","Favor",19,"Asaf Manjarrez Daniel","Sí",19,19,-1,"<b>Asaf Manjarrez Daniel</b><br>Partido: MRN<br>Voto: Sí<br>Orden en la fuente: 19"
"GACETA_L66_TABLA1OR1_2","MRN","Favor",20,"Avila Anaya Francisco Arturo F.","Sí",20,20,-1,"<b>Avila Anaya Francisco Arturo F.</b><br>Partido: MRN<br>Voto: Sí<br>Orden en la fuente: 20"
"GACETA_L66_TABLA1OR1_2","MRN","Favor",21,"Avila Vera Mildred Concepción","Sí",21,21,-1,"<b>Avila Vera Mildred Concepción</b><br>Partido: MRN<br>Voto: Sí<br>Orden en la fuente: 21"
"GACETA_L66_TABLA1OR1_2","MRN","Favor",22,"Avilés Domínguez Leide","Sí",22,22,-1,"<b>Avilés Domínguez Leide</b><br>Partido: MRN<br>Voto: Sí<br>Orden en la fuente: 22"
"GACETA_L66_TABLA1OR1_2","MRN","Favor",23,"Ayala Leyva Ana Elizabeth","Sí",23,23,-1,"<b>Ayala Leyva Ana Elizabeth</b><br>Partido: MRN<br>Voto: Sí<br>Orden en la fuente: 23"
"GACETA_L66_TABLA1OR1_2","MRN","Favor",24,"Baldenebro Arredondo Manuel de Jesus","Sí",24,24,-1,"<b>Baldenebro Arredondo Manuel de Jesus</b><br>Partido: MRN<br>Voto: Sí<br>Orden en la fuente: 24"
"GACETA_L66_TABLA1OR1_2","MRN","Favor",25,"Ballesteros García M. de los Ángeles","Sí",25,1,-2,"<b>Ballesteros García M. de los Ángeles</b><br>Partido: MRN<br>Voto: Sí<br>Orden en la fuente: 25"
"GACETA_L66_TABLA1OR1_2","MRN","Favor",26,"Barrera Puc Rocío Natalí","Sí",26,2,-2,"<b>Barrera Puc Rocío Natalí</b><br>Partido: MRN<br>Voto: Sí<br>Orden en la fuente: 26"
"GACETA_L66_TABLA1OR1_2","MRN","Favor",27,"Barrera Vázquez Ariadna","Sí",27,3,-2,"<b>Barrera Vázquez Ariadna</b><br>Partido: MRN<br>Voto: Sí<br>Orden en la fuente: 27"
"GACETA_L66_TABLA1OR1_2","MRN","Favor",28,"Basto González Gabriela del Carmen","Sí",28,4,-2,"<b>Basto González Gabriela del Carmen</b><br>Partido: MRN<br>Voto: Sí<br>Orden en la fuente: 28"
"GACETA_L66_TABLA1OR1_2","MRN","Favor",29,"Bautista Bravo Juan Angel","Sí",29,5,-2,"<b>Bautista Bravo Juan Angel</b><br>Partido: MRN<br>Voto: Sí<br>Orden en la fuente: 29"
"GACETA_L66_TABLA1OR1_2","MRN","Favor",30,"Bautista Peláez Maria del Carmen","Sí",30,6,-2,"<b>Bautista Peláez Maria del Carmen</b><br>Partido: MRN<br>Voto: Sí<br>Orden en la fuente: 30"
"GACETA_L66_TABLA1OR1_2","MRN","Favor",31,"Beltrán Reyes Anay","Sí",31,7,-2,"<b>Beltrán Reyes Anay</b><br>Partido: MRN<br>Voto: Sí<br>Orden en la fuente: 31"
"GACETA_L66_TABLA1OR1_2","MRN","Favor",32,"Benítez Estrada Rufina","Sí",32,8,-2,"<b>Benítez Estrada Rufina</b><br>Partido: MRN<br>Voto: Sí<br>Orden en la fuente: 32"
"GACETA_L66_TABLA1OR1_2","MRN","Favor",33,"Benítez Tiburcio Mariana","Sí",33,9,-2,"<b>Benítez Tiburcio Mariana</b><br>Partido: MRN<br>Voto: Sí<br>Orden en la fuente: 33"
"GACETA_L66_TABLA1OR1_2","MRN","Favor",34,"Blancas Mercado Bruno","Sí",34,10,-2,"<b>Blancas Mercado Bruno</b><br>Partido: MRN<br>Voto: Sí<br>Orden en la fuente: 34"
"GACETA_L66_TABLA1OR1_2","MRN","Favor",35,"Blanco Bravo Cuauhtémoc","Sí",35,11,-2,"<b>Blanco Bravo Cuauhtémoc</b><br>Partido: MRN<br>Voto: Sí<br>Orden en la fuente: 35"
"GACETA_L66_TABLA1OR1_2","MRN","Favor",36,"Borrego Adame Francisco Javier","Sí",36,12,-2,"<b>Borrego Adame Francisco Javier</b><br>Partido: MRN<br>Voto: Sí<br>Orden en la fuente: 36"
"GACETA_L66_TABLA1OR1_2","MRN","Favor",37,"Brito Zapata Óscar Iván","Sí",37,13,-2,"<b>Brito Zapata Óscar Iván</b><br>Partido: MRN<br>Voto: Sí<br>Orden en la fuente: 37"
"GACETA_L66_TABLA1OR1_2","MRN","Favor",38,"Brown Figueredo Hilda Araceli","Sí",38,14,-2,"<b>Brown Figueredo Hilda Araceli</b><br>Partido: MRN<br>Voto: Sí<br>Orden en la fuente: 38"
"GACETA_L66_TABLA1OR1_2","MRN","Favor",39,"Burgos Hernández Anais Miriam","Sí",39,15,-2,"<b>Burgos Hernández Anais Miriam</b><br>Partido: MRN<br>Voto: Sí<br>Orden en la fuente: 39"
"GACETA_L66_TABLA1OR1_2","MRN","Favor",40,"Caamal Cocom Venustiano","Sí",40,16,-2,"<b>Caamal Cocom Venustiano</b><br>Partido: MRN<br>Voto: Sí<br>Orden en la fuente: 40"
"GACETA_L66_TABLA1OR1_2","MRN","Favor",41,"Cabada Alvidrez Héctor Armando","Sí",41,17,-2,"<b>Cabada Alvidrez Héctor Armando</b><br>Partido: MRN<br>Voto: Sí<br>Orden en la fuente: 41"
"GACETA_L66_TABLA1OR1_2","MRN","Favor",42,"Cabiedes Uranga Francisco Javier","Sí",42,18,-2,"<b>Cabiedes Uranga Francisco Javier</b><br>Partido: MRN<br>Voto: Sí<br>Orden en la fuente: 42"
"GACETA_L66_TABLA1OR1_2","MRN","Favor",43,"Calcaneo Constantino Karen Yaiti","Sí",43,19,-2,"<b>Calcaneo Constantino Karen Yaiti</b><br>Partido: MRN<br>Voto: Sí<br>Orden en la fuente: 43"
"GACETA_L66_TABLA1OR1_2","MRN","Favor",44,"Calderón Díaz Alejandro","Sí",44,20,-2,"<b>Calderón Díaz Alejandro</b><br>Partido: MRN<br>Voto: Sí<br>Orden en la fuente: 44"
"GACETA_L66_TABLA1OR1_2","MRN","Favor",45,"Campos Plancarte Daniel","Sí",45,21,-2,"<b>Campos Plancarte Daniel</b><br>Partido: MRN<br>Voto: Sí<br>Orden en la fuente: 45"
"GACETA_L66_TABLA1OR1_2","MRN","Favor",46,"Candelaria López Carlos Alfonso","Sí",46,22,-2,"<b>Candelaria López Carlos Alfonso</b><br>Partido: MRN<br>Voto: Sí<br>Orden en la fuente: 46"
"GACETA_L66_TABLA1OR1_2","MRN","Favor",47,"Carranza Gómez Beatriz","Sí",47,23,-2,"<b>Carranza Gómez Beatriz</b><br>Partido: MRN<br>Voto: Sí<br>Orden en la fuente: 47"
"GACETA_L66_TABLA1OR1_2","MRN","Favor",48,"Carrasco Godínez Melva","Sí",48,24,-2,"<b>Carrasco Godínez Melva</b><br>Partido: MRN<br>Voto: Sí<br>Orden en la fuente: 48"
"GACETA_L66_TABLA1OR1_2","MRN","Favor",49,"Carrazco Macías Olegaria","Sí",49,1,-3,"<b>Carrazco Macías Olegaria</b><br>Partido: MRN<br>Voto: Sí<br>Orden en la fuente: 49"
"GACETA_L66_TABLA1OR1_2","MRN","Favor",50,"Carrillo Cubillas Mario Miguel","Sí",50,2,-3,"<b>Carrillo Cubillas Mario Miguel</b><br>Partido: MRN<br>Voto: Sí<br>Orden en la fuente: 50"
"GACETA_L66_TABLA1OR1_2","MRN","Favor",51,"Carvajal Hidalgo Alejandro","Sí",51,3,-3,"<b>Carvajal Hidalgo Alejandro</b><br>Partido: MRN<br>Voto: Sí<br>Orden en la fuente: 51"
"GACETA_L66_TABLA1OR1_2","MRN","Favor",52,"Castellanos Polanco Favio","Sí",52,4,-3,"<b>Castellanos Polanco Favio</b><br>Partido: MRN<br>Voto: Sí<br>Orden en la fuente: 52"
"GACETA_L66_TABLA1OR1_2","MRN","Favor",53,"Castillo Gabino Diana","Sí",53,5,-3,"<b>Castillo Gabino Diana</b><br>Partido: MRN<br>Voto: Sí<br>Orden en la fuente: 53"
"GACETA_L66_TABLA1OR1_2","MRN","Favor",54,"Castillo García Gilberto Daniel","Sí",54,6,-3,"<b>Castillo García Gilberto Daniel</b><br>Partido: MRN<br>Voto: Sí<br>Orden en la fuente: 54"
"GACETA_L66_TABLA1OR1_2","MRN","Favor",55,"Castillo Lozano Katia Alejandra","Sí",55,7,-3,"<b>Castillo Lozano Katia Alejandra</b><br>Partido: MRN<br>Voto: Sí<br>Orden en la fuente: 55"
"GACETA_L66_TABLA1OR1_2","MRN","Favor",56,"Castillo López Eduardo","Sí",56,8,-3,"<b>Castillo López Eduardo</b><br>Partido: MRN<br>Voto: Sí<br>Orden en la fuente: 56"
"GACETA_L66_TABLA1OR1_2","MRN","Favor",57,"Castillo Morales Francisco Adrián","Sí",57,9,-3,"<b>Castillo Morales Francisco Adrián</b><br>Partido: MRN<br>Voto: Sí<br>Orden en la fuente: 57"
"GACETA_L66_TABLA1OR1_2","MRN","Favor",58,"Castillo Pérez Carlos Alonso","Sí",58,10,-3,"<b>Castillo Pérez Carlos Alonso</b><br>Partido: MRN<br>Voto: Sí<br>Orden en la fuente: 58"
"GACETA_L66_TABLA1OR1_2","MRN","Favor",59,"Castillo Quintana Elda Esther del C.","Sí",59,11,-3,"<b>Castillo Quintana Elda Esther del C.</b><br>Partido: MRN<br>Voto: Sí<br>Orden en la fuente: 59"
"GACETA_L66_TABLA1OR1_2","MRN","Favor",60,"Castro Salinas Rosa María","Sí",60,12,-3,"<b>Castro Salinas Rosa María</b><br>Partido: MRN<br>Voto: Sí<br>Orden en la fuente: 60"
"GACETA_L66_TABLA1OR1_2","MRN","Favor",61,"Castro Trenti Fernando Jorge","Sí",61,13,-3,"<b>Castro Trenti Fernando Jorge</b><br>Partido: MRN<br>Voto: Sí<br>Orden en la fuente: 61"
"GACETA_L66_TABLA1OR1_2","MRN","Favor",62,"Castro Villarreal Antonio Lorenzo","Sí",62,14,-3,"<b>Castro Villarreal Antonio Lorenzo</b><br>Partido: MRN<br>Voto: Sí<br>Orden en la fuente: 62"
"GACETA_L66_TABLA1OR1_2","MRN","Favor",63,"Cervantes de la Cruz Elizabeth","Sí",63,15,-3,"<b>Cervantes de la Cruz Elizabeth</b><br>Partido: MRN<br>Voto: Sí<br>Orden en la fuente: 63"
"GACETA_L66_TABLA1OR1_2","MRN","Favor",64,"Chedraui Peralta Alejandra","Sí",64,16,-3,"<b>Chedraui Peralta Alejandra</b><br>Partido: MRN<br>Voto: Sí<br>Orden en la fuente: 64"
"GACETA_L66_TABLA1OR1_2","MRN","Favor",65,"Chavez Rojas Olga Leticia","Sí",65,17,-3,"<b>Chavez Rojas Olga Leticia</b><br>Partido: MRN<br>Voto: Sí<br>Orden en la fuente: 65"
"GACETA_L66_TABLA1OR1_2","MRN","Favor",66,"Cornejo Gómez Astrit Viridiana","Sí",66,18,-3,"<b>Cornejo Gómez Astrit Viridiana</b><br>Partido: MRN<br>Voto: Sí<br>Orden en la fuente: 66"
"GACETA_L66_TABLA1OR1_2","MRN","Favor",67,"Corona Arvizu Armando","Sí",67,19,-3,"<b>Corona Arvizu Armando</b><br>Partido: MRN<br>Voto: Sí<br>Orden en la fuente: 67"
"GACETA_L66_TABLA1OR1_2","MRN","Favor",68,"Corro Mendoza Margarita","Sí",68,20,-3,"<b>Corro Mendoza Margarita</b><br>Partido: MRN<br>Voto: Sí<br>Orden en la fuente: 68"
"GACETA_L66_TABLA1OR1_2","MRN","Favor",69,"Coss y León Zúñiga Humberto","Sí",69,21,-3,"<b>Coss y León Zúñiga Humberto</b><br>Partido: MRN<br>Voto: Sí<br>Orden en la fuente: 69"
"GACETA_L66_TABLA1OR1_2","MRN","Favor",70,"Cárdenas Galván Clara","Sí",70,22,-3,"<b>Cárdenas Galván Clara</b><br>Partido: MRN<br>Voto: Sí<br>Orden en la fuente: 70"
"GACETA_L66_TABLA1OR1_2","MRN","Favor",71,"Córdoba Navarrete Alma Monserrat","Sí",71,23,-3,"<b>Córdoba Navarrete Alma Monserrat</b><br>Partido: MRN<br>Voto: Sí<br>Orden en la fuente: 71"
"GACETA_L66_TABLA1OR1_2","MRN","Favor",72,"Crespo Arroyo Ricardo","Sí",72,24,-3,"<b>Crespo Arroyo Ricardo</b><br>Partido: MRN<br>Voto: Sí<br>Orden en la fuente: 72"
"GACETA_L66_TABLA1OR1_2","MRN","Favor",73,"Cruz Lucatero José Luis","Sí",73,1,-4,"<b>Cruz Lucatero José Luis</b><br>Partido: MRN<br>Voto: Sí<br>Orden en la fuente: 73"
"GACETA_L66_TABLA1OR1_2","MRN","Favor",74,"Cruz Mendoza Carmelo","Sí",74,2,-4,"<b>Cruz Mendoza Carmelo</b><br>Partido: MRN<br>Voto: Sí<br>Orden en la fuente: 74"
"GACETA_L66_TABLA1OR1_2","MRN","Favor",75,"Cuevas Sánchez Cintia","Sí",75,3,-4,"<b>Cuevas Sánchez Cintia</b><br>Partido: MRN<br>Voto: Sí<br>Orden en la fuente: 75"
"GACETA_L66_TABLA1OR1_2","MRN","Favor",76,"Diaz Vilchis Catalina","Sí",76,4,-4,"<b>Diaz Vilchis Catalina</b><br>Partido: MRN<br>Voto: Sí<br>Orden en la fuente: 76"
"GACETA_L66_TABLA1OR1_2","MRN","Favor",77,"De la Rosa García Juan Hugo","Sí",77,5,-4,"<b>De la Rosa García Juan Hugo</b><br>Partido: MRN<br>Voto: Sí<br>Orden en la fuente: 77"
"GACETA_L66_TABLA1OR1_2","MRN","Favor",78,"De la Vega Sánchez Alma Lidia","Sí",78,6,-4,"<b>De la Vega Sánchez Alma Lidia</b><br>Partido: MRN<br>Voto: Sí<br>Orden en la fuente: 78"
"GACETA_L66_TABLA1OR1_2","MRN","Favor",79,"De la Vega Vargas Alma Rosa","Sí",79,7,-4,"<b>De la Vega Vargas Alma Rosa</b><br>Partido: MRN<br>Voto: Sí<br>Orden en la fuente: 79"
"GACETA_L66_TABLA1OR1_2","MRN","Favor",80,"Del Río Zenteno Karina Margarita","Sí",80,8,-4,"<b>Del Río Zenteno Karina Margarita</b><br>Partido: MRN<br>Voto: Sí<br>Orden en la fuente: 80"
"GACETA_L66_TABLA1OR1_2","MRN","Favor",81,"Domínguez Nava Graciela","Sí",81,9,-4,"<b>Domínguez Nava Graciela</b><br>Partido: MRN<br>Voto: Sí<br>Orden en la fuente: 81"
"GACETA_L66_TABLA1OR1_2","MRN","Favor",82,"Domínguez Rodríguez Roberto Ángel","Sí",82,10,-4,"<b>Domínguez Rodríguez Roberto Ángel</b><br>Partido: MRN<br>Voto: Sí<br>Orden en la fuente: 82"
"GACETA_L66_TABLA1OR1_2","MRN","Favor",83,"Domínguez Serna Yoloczin Lizbeth","Sí",83,11,-4,"<b>Domínguez Serna Yoloczin Lizbeth</b><br>Partido: MRN<br>Voto: Sí<br>Orden en la fuente: 83"
"GACETA_L66_TABLA1OR1_2","MRN","Favor",84,"Ealy Díaz María Teresa","Sí",84,12,-4,"<b>Ealy Díaz María Teresa</b><br>Partido: MRN<br>Voto: Sí<br>Orden en la fuente: 84"
"GACETA_L66_TABLA1OR1_2","MRN","Favor",85,"Escobar García Zenyazen Roberto","Sí",85,13,-4,"<b>Escobar García Zenyazen Roberto</b><br>Partido: MRN<br>Voto: Sí<br>Orden en la fuente: 85"
"GACETA_L66_TABLA1OR1_2","MRN","Favor",86,"Espino Barrientos Manuel de Jesús","Sí",86,14,-4,"<b>Espino Barrientos Manuel de Jesús</b><br>Partido: MRN<br>Voto: Sí<br>Orden en la fuente: 86"
"GACETA_L66_TABLA1OR1_2","MRN","Favor",87,"Esponda Torres Flor de María","Sí",87,15,-4,"<b>Esponda Torres Flor de María</b><br>Partido: MRN<br>Voto: Sí<br>Orden en la fuente: 87"
"GACETA_L66_TABLA1OR1_2","MRN","Favor",88,"Estrada Domínguez Francisco Javier","Sí",88,16,-4,"<b>Estrada Domínguez Francisco Javier</b><br>Partido: MRN<br>Voto: Sí<br>Orden en la fuente: 88"
"GACETA_L66_TABLA1OR1_2","MRN","Favor",89,"Fernández César Mónica","Sí",89,17,-4,"<b>Fernández César Mónica</b><br>Partido: MRN<br>Voto: Sí<br>Orden en la fuente: 89"
"GACETA_L66_TABLA1OR1_2","MRN","Favor",90,"Fernández Fuentes Luis Humberto","Sí",90,18,-4,"<b>Fernández Fuentes Luis Humberto</b><br>Partido: MRN<br>Voto: Sí<br>Orden en la fuente: 90"
"GACETA_L66_TABLA1OR1_2","MRN","Favor",91,"Fernández Samaniego José Armando","Sí",91,19,-4,"<b>Fernández Samaniego José Armando</b><br>Partido: MRN<br>Voto: Sí<br>Orden en la fuente: 91"
"GACETA_L66_TABLA1OR1_2","MRN","Favor",92,"Fernández Sarabia Zayra Linette","Sí",92,20,-4,"<b>Fernández Sarabia Zayra Linette</b><br>Partido: MRN<br>Voto: Sí<br>Orden en la fuente: 92"
"GACETA_L66_TABLA1OR1_2","MRN","Favor",93,"Ferráez Centeno Ana Miriam","Sí",93,21,-4,"<b>Ferráez Centeno Ana Miriam</b><br>Partido: MRN<br>Voto: Sí<br>Orden en la fuente: 93"
"GACETA_L66_TABLA1OR1_2","MRN","Favor",94,"Flores Bustamante Juan Ángel","Sí",94,22,-4,"<b>Flores Bustamante Juan Ángel</b><br>Partido: MRN<br>Voto: Sí<br>Orden en la fuente: 94"
"GACETA_L66_TABLA1OR1_2","MRN","Favor",95,"Flores Carrales Clara Luz","Sí",95,23,-4,"<b>Flores Carrales Clara Luz</b><br>Partido: MRN<br>Voto: Sí<br>Orden en la fuente: 95"
"GACETA_L66_TABLA1OR1_2","MRN","Favor",96,"Flores Cervantes Hugo Eric","Sí",96,24,-4,"<b>Flores Cervantes Hugo Eric</b><br>Partido: MRN<br>Voto: Sí<br>Orden en la fuente: 96"
"GACETA_L66_TABLA1OR1_2","MRN","Favor",97,"Flores Robles Ramón Ángel","Sí",97,1,-5,"<b>Flores Robles Ramón Ángel</b><br>Partido: MRN<br>Voto: Sí<br>Orden en la fuente: 97"
"GACETA_L66_TABLA1OR1_2","MRN","Favor",98,"García Antonio Briceyda","Sí",98,2,-5,"<b>García Antonio Briceyda</b><br>Partido: MRN<br>Voto: Sí<br>Orden en la fuente: 98"
"GACETA_L66_TABLA1OR1_2","MRN","Favor",99,"García Hernández Claudia","Sí",99,3,-5,"<b>García Hernández Claudia</b><br>Partido: MRN<br>Voto: Sí<br>Orden en la fuente: 99"
"GACETA_L66_TABLA1OR1_2","MRN","Favor",100,"García Hernández Gabriel","Sí",100,4,-5,"<b>García Hernández Gabriel</b><br>Partido: MRN<br>Voto: Sí<br>Orden en la fuente: 100"
"GACETA_L66_TABLA1OR1_2","MRN","Favor",101,"García Romero Rafaela Vianey","Sí",101,5,-5,"<b>García Romero Rafaela Vianey</b><br>Partido: MRN<br>Voto: Sí<br>Orden en la fuente: 101"
"GACETA_L66_TABLA1OR1_2","MRN","Favor",102,"García Vidaña Martha Olivia","Sí",102,6,-5,"<b>García Vidaña Martha Olivia</b><br>Partido: MRN<br>Voto: Sí<br>Orden en la fuente: 102"
"GACETA_L66_TABLA1OR1_2","MRN","Favor",103,"Garfias Alcantara Claudia Leticia","Sí",103,7,-5,"<b>Garfias Alcantara Claudia Leticia</b><br>Partido: MRN<br>Voto: Sí<br>Orden en la fuente: 103"
"GACETA_L66_TABLA1OR1_2","MRN","Favor",104,"Gómez Maldonado Maiella Martha G.","Sí",104,8,-5,"<b>Gómez Maldonado Maiella Martha G.</b><br>Partido: MRN<br>Voto: Sí<br>Orden en la fuente: 104"
"GACETA_L66_TABLA1OR1_2","MRN","Favor",105,"Gómez Pozos Merilyn","Sí",105,9,-5,"<b>Gómez Pozos Merilyn</b><br>Partido: MRN<br>Voto: Sí<br>Orden en la fuente: 105"
"GACETA_L66_TABLA1OR1_2","MRN","Favor",106,"Godoy Rangel Leonel","Sí",106,10,-5,"<b>Godoy Rangel Leonel</b><br>Partido: MRN<br>Voto: Sí<br>Orden en la fuente: 106"
"GACETA_L66_TABLA1OR1_2","MRN","Favor",107,"González Hernández Juan Antonio","Sí",107,11,-5,"<b>González Hernández Juan Antonio</b><br>Partido: MRN<br>Voto: Sí<br>Orden en la fuente: 107"
"GACETA_L66_TABLA1OR1_2","MRN","Favor",108,"González Naveda Adrián","Sí",108,12,-5,"<b>González Naveda Adrián</b><br>Partido: MRN<br>Voto: Sí<br>Orden en la fuente: 108"
"GACETA_L66_TABLA1OR1_2","MRN","Favor",109,"González Pérez Sandra Beatriz","Sí",109,13,-5,"<b>González Pérez Sandra Beatriz</b><br>Partido: MRN<br>Voto: Sí<br>Orden en la fuente: 109"
"GACETA_L66_TABLA1OR1_2","MRN","Favor",110,"Graniel Zenteno Rosa Margarita","Sí",110,14,-5,"<b>Graniel Zenteno Rosa Margarita</b><br>Partido: MRN<br>Voto: Sí<br>Orden en la fuente: 110"
"GACETA_L66_TABLA1OR1_2","MRN","Favor",111,"Granillo Velazco Mónica Miriam","Sí",111,15,-5,"<b>Granillo Velazco Mónica Miriam</b><br>Partido: MRN<br>Voto: Sí<br>Orden en la fuente: 111"
"GACETA_L66_TABLA1OR1_2","MRN","Favor",112,"Guerrero Pérez Eleazar","Sí",112,16,-5,"<b>Guerrero Pérez Eleazar</b><br>Partido: MRN<br>Voto: Sí<br>Orden en la fuente: 112"
"GACETA_L66_TABLA1OR1_2","MRN","Favor",113,"Gutiérrez Bocanegra Julio Ernesto","Sí",113,17,-5,"<b>Gutiérrez Bocanegra Julio Ernesto</b><br>Partido: MRN<br>Voto: Sí<br>Orden en la fuente: 113"
"GACETA_L66_TABLA1OR1_2","MRN","Favor",114,"Gutiérrez Luna Sergio Carlos","Sí",114,18,-5,"<b>Gutiérrez Luna Sergio Carlos</b><br>Partido: MRN<br>Voto: Sí<br>Orden en la fuente: 114"
"GACETA_L66_TABLA1OR1_2","MRN","Favor",115,"Guizar Macías Francisco Javier","Sí",115,19,-5,"<b>Guizar Macías Francisco Javier</b><br>Partido: MRN<br>Voto: Sí<br>Orden en la fuente: 115"
"GACETA_L66_TABLA1OR1_2","MRN","Favor",116,"Haces Barba Pedro Miguel","Sí",116,20,-5,"<b>Haces Barba Pedro Miguel</b><br>Partido: MRN<br>Voto: Sí<br>Orden en la fuente: 116"
"GACETA_L66_TABLA1OR1_2","MRN","Favor",117,"Hernández Espejo Rosa","Sí",117,21,-5,"<b>Hernández Espejo Rosa</b><br>Partido: MRN<br>Voto: Sí<br>Orden en la fuente: 117"
"GACETA_L66_TABLA1OR1_2","MRN","Favor",118,"Hernández Mirón Carlos","Sí",118,22,-5,"<b>Hernández Mirón Carlos</b><br>Partido: MRN<br>Voto: Sí<br>Orden en la fuente: 118"
"GACETA_L66_TABLA1OR1_2","MRN","Favor",119,"Hernández Pérez César Agustín","Sí",119,23,-5,"<b>Hernández Pérez César Agustín</b><br>Partido: MRN<br>Voto: Sí<br>Orden en la fuente: 119"
"GACETA_L66_TABLA1OR1_2","MRN","Favor",120,"Hernández Sáenz Claudia Alejandra","Sí",120,24,-5,"<b>Hernández Sáenz Claudia Alejandra</b><br>Partido: MRN<br>Voto: Sí<br>Orden en la fuente: 120"
"GACETA_L66_TABLA1OR1_2","MRN","Favor",121,"Hernández Tapia Arturo Roberto","Sí",121,1,-6,"<b>Hernández Tapia Arturo Roberto</b><br>Partido: MRN<br>Voto: Sí<br>Orden en la fuente: 121"
"GACETA_L66_TABLA1OR1_2","MRN","Favor",122,"Herrera Ruíz Gilberto","Sí",122,2,-6,"<b>Herrera Ruíz Gilberto</b><br>Partido: MRN<br>Voto: Sí<br>Orden en la fuente: 122"
"GACETA_L66_TABLA1OR1_2","MRN","Favor",123,"Herrera Solórzano Gilberto","Sí",123,3,-6,"<b>Herrera Solórzano Gilberto</b><br>Partido: MRN<br>Voto: Sí<br>Orden en la fuente: 123"
"GACETA_L66_TABLA1OR1_2","MRN","Favor",124,"Herrera Villavicencio Mónica","Sí",124,4,-6,"<b>Herrera Villavicencio Mónica</b><br>Partido: MRN<br>Voto: Sí<br>Orden en la fuente: 124"
"GACETA_L66_TABLA1OR1_2","MRN","Favor",125,"Higareda Segura Lucero","Sí",125,5,-6,"<b>Higareda Segura Lucero</b><br>Partido: MRN<br>Voto: Sí<br>Orden en la fuente: 125"
"GACETA_L66_TABLA1OR1_2","MRN","Favor",126,"Higuera Esquer Alma Manuela","Sí",126,6,-6,"<b>Higuera Esquer Alma Manuela</b><br>Partido: MRN<br>Voto: Sí<br>Orden en la fuente: 126"
"GACETA_L66_TABLA1OR1_2","MRN","Favor",127,"Ibarra Ramos Jesús Alfonso","Sí",127,7,-6,"<b>Ibarra Ramos Jesús Alfonso</b><br>Partido: MRN<br>Voto: Sí<br>Orden en la fuente: 127"
"GACETA_L66_TABLA1OR1_2","MRN","Favor",128,"Jiménez Godoy Gabriela Georgina","Sí",128,8,-6,"<b>Jiménez Godoy Gabriela Georgina</b><br>Partido: MRN<br>Voto: Sí<br>Orden en la fuente: 128"
"GACETA_L66_TABLA1OR1_2","MRN","Favor",129,"Jiménez Vásquez Naty Poob Pijy","Sí",129,9,-6,"<b>Jiménez Vásquez Naty Poob Pijy</b><br>Partido: MRN<br>Voto: Sí<br>Orden en la fuente: 129"
"GACETA_L66_TABLA1OR1_2","MRN","Favor",130,"Juan Carlos Irma","Sí",130,10,-6,"<b>Juan Carlos Irma</b><br>Partido: MRN<br>Voto: Sí<br>Orden en la fuente: 130"
"GACETA_L66_TABLA1OR1_2","MRN","Favor",131,"Lastra Bastar Jaime Humberto","Sí",131,11,-6,"<b>Lastra Bastar Jaime Humberto</b><br>Partido: MRN<br>Voto: Sí<br>Orden en la fuente: 131"
"GACETA_L66_TABLA1OR1_2","MRN","Favor",132,"Llerenas Morales Vidal","Sí",132,12,-6,"<b>Llerenas Morales Vidal</b><br>Partido: MRN<br>Voto: Sí<br>Orden en la fuente: 132"
"GACETA_L66_TABLA1OR1_2","MRN","Favor",133,"Lobo Román Víctor Hugo","Sí",133,13,-6,"<b>Lobo Román Víctor Hugo</b><br>Partido: MRN<br>Voto: Sí<br>Orden en la fuente: 133"
"GACETA_L66_TABLA1OR1_2","MRN","Favor",134,"López de la Cruz Amalia","Sí",134,14,-6,"<b>López de la Cruz Amalia</b><br>Partido: MRN<br>Voto: Sí<br>Orden en la fuente: 134"
"GACETA_L66_TABLA1OR1_2","MRN","Favor",135,"López Gorosave Rocío","Sí",135,15,-6,"<b>López Gorosave Rocío</b><br>Partido: MRN<br>Voto: Sí<br>Orden en la fuente: 135"
"GACETA_L66_TABLA1OR1_2","MRN","Favor",136,"López Orozco Diana Isela","Sí",136,16,-6,"<b>López Orozco Diana Isela</b><br>Partido: MRN<br>Voto: Sí<br>Orden en la fuente: 136"
"GACETA_L66_TABLA1OR1_2","MRN","Favor",137,"López Santiago Herminia","Sí",137,17,-6,"<b>López Santiago Herminia</b><br>Partido: MRN<br>Voto: Sí<br>Orden en la fuente: 137"
"GACETA_L66_TABLA1OR1_2","MRN","Favor",138,"López Vela Jaime Genaro","Sí",138,18,-6,"<b>López Vela Jaime Genaro</b><br>Partido: MRN<br>Voto: Sí<br>Orden en la fuente: 138"
"GACETA_L66_TABLA1OR1_2","MRN","Favor",139,"Luévano Cantú María Soledad","Sí",139,19,-6,"<b>Luévano Cantú María Soledad</b><br>Partido: MRN<br>Voto: Sí<br>Orden en la fuente: 139"
"GACETA_L66_TABLA1OR1_2","MRN","Favor",140,"Maldonado Chavarín Alberto","Sí",140,20,-6,"<b>Maldonado Chavarín Alberto</b><br>Partido: MRN<br>Voto: Sí<br>Orden en la fuente: 140"
"GACETA_L66_TABLA1OR1_2","MRN","Favor",141,"Martínez Montaño Karina Isabel","Sí",141,21,-6,"<b>Martínez Montaño Karina Isabel</b><br>Partido: MRN<br>Voto: Sí<br>Orden en la fuente: 141"
"GACETA_L66_TABLA1OR1_2","MRN","Favor",142,"Mayer Bretón Sergio","Sí",142,22,-6,"<b>Mayer Bretón Sergio</b><br>Partido: MRN<br>Voto: Sí<br>Orden en la fuente: 142"
"GACETA_L66_TABLA1OR1_2","MRN","Favor",143,"Mejía Haro Ulises","Sí",143,23,-6,"<b>Mejía Haro Ulises</b><br>Partido: MRN<br>Voto: Sí<br>Orden en la fuente: 143"
"GACETA_L66_TABLA1OR1_2","MRN","Favor",144,"Mendoza Arce Fernando","Sí",144,24,-6,"<b>Mendoza Arce Fernando</b><br>Partido: MRN<br>Voto: Sí<br>Orden en la fuente: 144"
"GACETA_L66_TABLA1OR1_2","MRN","Favor",145,"Mendoza Ramírez Eunice Abigail","Sí",145,1,-7,"<b>Mendoza Ramírez Eunice Abigail</b><br>Partido: MRN<br>Voto: Sí<br>Orden en la fuente: 145"
"GACETA_L66_TABLA1OR1_2","MRN","Favor",146,"Mendoza Ruiz Jacobo","Sí",146,2,-7,"<b>Mendoza Ruiz Jacobo</b><br>Partido: MRN<br>Voto: Sí<br>Orden en la fuente: 146"
"GACETA_L66_TABLA1OR1_2","MRN","Favor",147,"Mendoza Sánchez Jorge Alberto","Sí",147,3,-7,"<b>Mendoza Sánchez Jorge Alberto</b><br>Partido: MRN<br>Voto: Sí<br>Orden en la fuente: 147"
"GACETA_L66_TABLA1OR1_2","MRN","Favor",148,"Michel López Marcela","Sí",148,4,-7,"<b>Michel López Marcela</b><br>Partido: MRN<br>Voto: Sí<br>Orden en la fuente: 148"
"GACETA_L66_TABLA1OR1_2","MRN","Favor",149,"Mier Acolt Jorge Alberto","Sí",149,5,-7,"<b>Mier Acolt Jorge Alberto</b><br>Partido: MRN<br>Voto: Sí<br>Orden en la fuente: 149"
"GACETA_L66_TABLA1OR1_2","MRN","Favor",150,"Mier Bañuelos Carlos Ignacio","Sí",150,6,-7,"<b>Mier Bañuelos Carlos Ignacio</b><br>Partido: MRN<br>Voto: Sí<br>Orden en la fuente: 150"
"GACETA_L66_TABLA1OR1_2","MRN","Favor",151,"Milland Pérez Beatriz","Sí",151,7,-7,"<b>Milland Pérez Beatriz</b><br>Partido: MRN<br>Voto: Sí<br>Orden en la fuente: 151"
"GACETA_L66_TABLA1OR1_2","MRN","Favor",152,"Millán Contreras Iván","Sí",152,8,-7,"<b>Millán Contreras Iván</b><br>Partido: MRN<br>Voto: Sí<br>Orden en la fuente: 152"
"GACETA_L66_TABLA1OR1_2","MRN","Favor",153,"Mollinedo Cano Tey","Sí",153,9,-7,"<b>Mollinedo Cano Tey</b><br>Partido: MRN<br>Voto: Sí<br>Orden en la fuente: 153"
"GACETA_L66_TABLA1OR1_2","MRN","Favor",154,"Monreal Ávila Ricardo","Sí",154,10,-7,"<b>Monreal Ávila Ricardo</b><br>Partido: MRN<br>Voto: Sí<br>Orden en la fuente: 154"
"GACETA_L66_TABLA1OR1_2","MRN","Favor",155,"Montemayor Castillo Santy","Sí",155,11,-7,"<b>Montemayor Castillo Santy</b><br>Partido: MRN<br>Voto: Sí<br>Orden en la fuente: 155"
"GACETA_L66_TABLA1OR1_2","MRN","Favor",156,"Mora Eguiluz Celeste","Sí",156,12,-7,"<b>Mora Eguiluz Celeste</b><br>Partido: MRN<br>Voto: Sí<br>Orden en la fuente: 156"
"GACETA_L66_TABLA1OR1_2","MRN","Favor",157,"Morales Mendoza Gabino","Sí",157,13,-7,"<b>Morales Mendoza Gabino</b><br>Partido: MRN<br>Voto: Sí<br>Orden en la fuente: 157"
"GACETA_L66_TABLA1OR1_2","MRN","Favor",158,"Moreno Guerra Evangelina","Sí",158,14,-7,"<b>Moreno Guerra Evangelina</b><br>Partido: MRN<br>Voto: Sí<br>Orden en la fuente: 158"
"GACETA_L66_TABLA1OR1_2","MRN","Favor",159,"Moreno Méndez Dora Alicia","Sí",159,15,-7,"<b>Moreno Méndez Dora Alicia</b><br>Partido: MRN<br>Voto: Sí<br>Orden en la fuente: 159"
"GACETA_L66_TABLA1OR1_2","MRN","Favor",160,"Moreno Ramírez Claudia Lisbeth","Sí",160,16,-7,"<b>Moreno Ramírez Claudia Lisbeth</b><br>Partido: MRN<br>Voto: Sí<br>Orden en la fuente: 160"
"GACETA_L66_TABLA1OR1_2","MRN","Favor",161,"Moreno Rivera Julio César","Sí",161,17,-7,"<b>Moreno Rivera Julio César</b><br>Partido: MRN<br>Voto: Sí<br>Orden en la fuente: 161"
"GACETA_L66_TABLA1OR1_2","MRN","Favor",162,"Moreno Villatoro Rosario del Carmen","Sí",162,18,-7,"<b>Moreno Villatoro Rosario del Carmen</b><br>Partido: MRN<br>Voto: Sí<br>Orden en la fuente: 162"
"GACETA_L66_TABLA1OR1_2","MRN","Favor",163,"Morán Sánchez Leoncio Alfonso","Sí",163,19,-7,"<b>Morán Sánchez Leoncio Alfonso</b><br>Partido: MRN<br>Voto: Sí<br>Orden en la fuente: 163"
"GACETA_L66_TABLA1OR1_2","MRN","Favor",164,"Muñiz Cabrera Kenia Gisell","Sí",164,20,-7,"<b>Muñiz Cabrera Kenia Gisell</b><br>Partido: MRN<br>Voto: Sí<br>Orden en la fuente: 164"
"GACETA_L66_TABLA1OR1_2","MRN","Favor",165,"Murguía Lardizábal Daniel","Sí",165,21,-7,"<b>Murguía Lardizábal Daniel</b><br>Partido: MRN<br>Voto: Sí<br>Orden en la fuente: 165"
"GACETA_L66_TABLA1OR1_2","MRN","Favor",166,"Narro Panameño Blanca Araceli","Sí",166,22,-7,"<b>Narro Panameño Blanca Araceli</b><br>Partido: MRN<br>Voto: Sí<br>Orden en la fuente: 166"
"GACETA_L66_TABLA1OR1_2","MRN","Favor",167,"Navarro Pérez Beatriz Andrea","Sí",167,23,-7,"<b>Navarro Pérez Beatriz Andrea</b><br>Partido: MRN<br>Voto: Sí<br>Orden en la fuente: 167"
"GACETA_L66_TABLA1OR1_2","MRN","Favor",168,"Olguín Serna Julia Arcelia","Sí",168,24,-7,"<b>Olguín Serna Julia Arcelia</b><br>Partido: MRN<br>Voto: Sí<br>Orden en la fuente: 168"
"GACETA_L66_TABLA1OR1_2","MRN","Favor",169,"Olivares Cerda Arturo","Sí",169,1,-8,"<b>Olivares Cerda Arturo</b><br>Partido: MRN<br>Voto: Sí<br>Orden en la fuente: 169"
"GACETA_L66_TABLA1OR1_2","MRN","Favor",170,"Oliver Cen Luis Arturo","Sí",170,2,-8,"<b>Oliver Cen Luis Arturo</b><br>Partido: MRN<br>Voto: Sí<br>Orden en la fuente: 170"
"GACETA_L66_TABLA1OR1_2","MRN","Favor",171,"Orozco Caballero María del Rosario","Sí",171,3,-8,"<b>Orozco Caballero María del Rosario</b><br>Partido: MRN<br>Voto: Sí<br>Orden en la fuente: 171"
"GACETA_L66_TABLA1OR1_2","MRN","Favor",172,"Ortega Tiburcio Rosa Guadalupe","Sí",172,4,-8,"<b>Ortega Tiburcio Rosa Guadalupe</b><br>Partido: MRN<br>Voto: Sí<br>Orden en la fuente: 172"
"GACETA_L66_TABLA1OR1_2","MRN","Favor",173,"Osorio Ferral Bertha","Sí",173,5,-8,"<b>Osorio Ferral Bertha</b><br>Partido: MRN<br>Voto: Sí<br>Orden en la fuente: 173"
"GACETA_L66_TABLA1OR1_2","MRN","Favor",174,"P. Ángeles Moreno Tatiana Tonantzin","Sí",174,6,-8,"<b>P. Ángeles Moreno Tatiana Tonantzin</b><br>Partido: MRN<br>Voto: Sí<br>Orden en la fuente: 174"
"GACETA_L66_TABLA1OR1_2","MRN","Favor",175,"Padierna Luna María De Los Dolores","Sí",175,7,-8,"<b>Padierna Luna María De Los Dolores</b><br>Partido: MRN<br>Voto: Sí<br>Orden en la fuente: 175"
"GACETA_L66_TABLA1OR1_2","MRN","Favor",176,"Palacios Rodríguez Carlos Ventura","Sí",176,8,-8,"<b>Palacios Rodríguez Carlos Ventura</b><br>Partido: MRN<br>Voto: Sí<br>Orden en la fuente: 176"
"GACETA_L66_TABLA1OR1_2","MRN","Favor",177,"Palomar González Mayra Dolores","Sí",177,9,-8,"<b>Palomar González Mayra Dolores</b><br>Partido: MRN<br>Voto: Sí<br>Orden en la fuente: 177"
"GACETA_L66_TABLA1OR1_2","MRN","Favor",178,"Peña Vidal Iván","Sí",178,10,-8,"<b>Peña Vidal Iván</b><br>Partido: MRN<br>Voto: Sí<br>Orden en la fuente: 178"
"GACETA_L66_TABLA1OR1_2","MRN","Favor",179,"Piceno Navarro Estela Carina","Sí",179,11,-8,"<b>Piceno Navarro Estela Carina</b><br>Partido: MRN<br>Voto: Sí<br>Orden en la fuente: 179"
"GACETA_L66_TABLA1OR1_2","MRN","Favor",180,"Polanco Morales Aniceto","Sí",180,12,-8,"<b>Polanco Morales Aniceto</b><br>Partido: MRN<br>Voto: Sí<br>Orden en la fuente: 180"
"GACETA_L66_TABLA1OR1_2","MRN","Favor",181,"Pompa Robles Felicita","Sí",181,13,-8,"<b>Pompa Robles Felicita</b><br>Partido: MRN<br>Voto: Sí<br>Orden en la fuente: 181"
"GACETA_L66_TABLA1OR1_2","MRN","Favor",182,"Porras Baylón Any Marilú","Sí",182,14,-8,"<b>Porras Baylón Any Marilú</b><br>Partido: MRN<br>Voto: Sí<br>Orden en la fuente: 182"
"GACETA_L66_TABLA1OR1_2","MRN","Favor",183,"Pérez Bernabe Jaime Humberto","Sí",183,15,-8,"<b>Pérez Bernabe Jaime Humberto</b><br>Partido: MRN<br>Voto: Sí<br>Orden en la fuente: 183"
"GACETA_L66_TABLA1OR1_2","MRN","Favor",184,"Pérez Popoca María Fabiola Karina","Sí",184,16,-8,"<b>Pérez Popoca María Fabiola Karina</b><br>Partido: MRN<br>Voto: Sí<br>Orden en la fuente: 184"
"GACETA_L66_TABLA1OR1_2","MRN","Favor",185,"Prieto Gallardo Ernesto Alejandro","Sí",185,17,-8,"<b>Prieto Gallardo Ernesto Alejandro</b><br>Partido: MRN<br>Voto: Sí<br>Orden en la fuente: 185"
"GACETA_L66_TABLA1OR1_2","MRN","Favor",186,"Pujol Irastorza Jesús Antonio","Sí",186,18,-8,"<b>Pujol Irastorza Jesús Antonio</b><br>Partido: MRN<br>Voto: Sí<br>Orden en la fuente: 186"
"GACETA_L66_TABLA1OR1_2","MRN","Favor",187,"Quiroz Gallegos Adriana Belinda","Sí",187,19,-8,"<b>Quiroz Gallegos Adriana Belinda</b><br>Partido: MRN<br>Voto: Sí<br>Orden en la fuente: 187"
"GACETA_L66_TABLA1OR1_2","MRN","Favor",188,"Ramos Alor Roberto","Sí",188,20,-8,"<b>Ramos Alor Roberto</b><br>Partido: MRN<br>Voto: Sí<br>Orden en la fuente: 188"
"GACETA_L66_TABLA1OR1_2","MRN","Favor",189,"Ramírez Cisneros Jessica","Sí",189,21,-8,"<b>Ramírez Cisneros Jessica</b><br>Partido: MRN<br>Voto: Sí<br>Orden en la fuente: 189"
"GACETA_L66_TABLA1OR1_2","MRN","Favor",190,"RAMIREZ CUELLAR ALFONSO","Sí",190,22,-8,"<b>RAMIREZ CUELLAR ALFONSO</b><br>Partido: MRN<br>Voto: Sí<br>Orden en la fuente: 190"
"GACETA_L66_TABLA1OR1_2","MRN","Favor",191,"Ramírez Guzmán Emilio Ramón","Sí",191,23,-8,"<b>Ramírez Guzmán Emilio Ramón</b><br>Partido: MRN<br>Voto: Sí<br>Orden en la fuente: 191"
"GACETA_L66_TABLA1OR1_2","MRN","Favor",192,"Rendón Gómez Juan Guillermo","Sí",192,24,-8,"<b>Rendón Gómez Juan Guillermo</b><br>Partido: MRN<br>Voto: Sí<br>Orden en la fuente: 192"
"GACETA_L66_TABLA1OR1_2","MRN","Favor",193,"RINCON CHANONA SONIA","Sí",193,1,-9,"<b>RINCON CHANONA SONIA</b><br>Partido: MRN<br>Voto: Sí<br>Orden en la fuente: 193"
"GACETA_L66_TABLA1OR1_2","MRN","Favor",194,"Rivera Vivanco Claudia","Sí",194,2,-9,"<b>Rivera Vivanco Claudia</b><br>Partido: MRN<br>Voto: Sí<br>Orden en la fuente: 194"
"GACETA_L66_TABLA1OR1_2","MRN","Favor",195,"Rodríguez Pérez Luz María","Sí",195,3,-9,"<b>Rodríguez Pérez Luz María</b><br>Partido: MRN<br>Voto: Sí<br>Orden en la fuente: 195"
"GACETA_L66_TABLA1OR1_2","MRN","Favor",196,"Romero Gomez Petra","Sí",196,4,-9,"<b>Romero Gomez Petra</b><br>Partido: MRN<br>Voto: Sí<br>Orden en la fuente: 196"
"GACETA_L66_TABLA1OR1_2","MRN","Favor",197,"Rosales Cruz María Magdalena","Sí",197,5,-9,"<b>Rosales Cruz María Magdalena</b><br>Partido: MRN<br>Voto: Sí<br>Orden en la fuente: 197"
"GACETA_L66_TABLA1OR1_2","MRN","Favor",198,"Rosete Sánchez María De Jesús","Sí",198,6,-9,"<b>Rosete Sánchez María De Jesús</b><br>Partido: MRN<br>Voto: Sí<br>Orden en la fuente: 198"
"GACETA_L66_TABLA1OR1_2","MRN","Favor",199,"Rubio Sánchez Mirna María de la Luz","Sí",199,7,-9,"<b>Rubio Sánchez Mirna María de la Luz</b><br>Partido: MRN<br>Voto: Sí<br>Orden en la fuente: 199"
"GACETA_L66_TABLA1OR1_2","MRN","Favor",200,"Ruiz López Alma Laura","Sí",200,8,-9,"<b>Ruiz López Alma Laura</b><br>Partido: MRN<br>Voto: Sí<br>Orden en la fuente: 200"
"GACETA_L66_TABLA1OR1_2","MRN","Favor",201,"Ruiz Páez Montserrat","Sí",201,9,-9,"<b>Ruiz Páez Montserrat</b><br>Partido: MRN<br>Voto: Sí<br>Orden en la fuente: 201"
"GACETA_L66_TABLA1OR1_2","MRN","Favor",202,"Saiden Quiroz Jessica","Sí",202,10,-9,"<b>Saiden Quiroz Jessica</b><br>Partido: MRN<br>Voto: Sí<br>Orden en la fuente: 202"
"GACETA_L66_TABLA1OR1_2","MRN","Favor",203,"Salgado Ponce Magda Erika","Sí",203,11,-9,"<b>Salgado Ponce Magda Erika</b><br>Partido: MRN<br>Voto: Sí<br>Orden en la fuente: 203"
"GACETA_L66_TABLA1OR1_2","MRN","Favor",204,"Salgado Vázquez Rigoberto","Sí",204,12,-9,"<b>Salgado Vázquez Rigoberto</b><br>Partido: MRN<br>Voto: Sí<br>Orden en la fuente: 204"
"GACETA_L66_TABLA1OR1_2","MRN","Favor",205,"Santander Soto Gissel","Sí",205,13,-9,"<b>Santander Soto Gissel</b><br>Partido: MRN<br>Voto: Sí<br>Orden en la fuente: 205"
"GACETA_L66_TABLA1OR1_2","MRN","Favor",206,"Santiago Rodríguez Guillermo Rafael","Sí",206,14,-9,"<b>Santiago Rodríguez Guillermo Rafael</b><br>Partido: MRN<br>Voto: Sí<br>Orden en la fuente: 206"
"GACETA_L66_TABLA1OR1_2","MRN","Favor",207,"Savala Díaz Rosalinda","Sí",207,15,-9,"<b>Savala Díaz Rosalinda</b><br>Partido: MRN<br>Voto: Sí<br>Orden en la fuente: 207"
"GACETA_L66_TABLA1OR1_2","MRN","Favor",208,"Segura Trejo Elena Edith","Sí",208,16,-9,"<b>Segura Trejo Elena Edith</b><br>Partido: MRN<br>Voto: Sí<br>Orden en la fuente: 208"
"GACETA_L66_TABLA1OR1_2","MRN","Favor",209,"Sepúlveda García Nadia Yadira","Sí",209,17,-9,"<b>Sepúlveda García Nadia Yadira</b><br>Partido: MRN<br>Voto: Sí<br>Orden en la fuente: 209"
"GACETA_L66_TABLA1OR1_2","MRN","Favor",210,"Shember Domínguez Delhi Miroslava","Sí",210,18,-9,"<b>Shember Domínguez Delhi Miroslava</b><br>Partido: MRN<br>Voto: Sí<br>Orden en la fuente: 210"
"GACETA_L66_TABLA1OR1_2","MRN","Favor",211,"Sibaja Mendoza Aciel","Sí",211,19,-9,"<b>Sibaja Mendoza Aciel</b><br>Partido: MRN<br>Voto: Sí<br>Orden en la fuente: 211"
"GACETA_L66_TABLA1OR1_2","MRN","Favor",212,"Silva Santiago María Damaris","Sí",212,20,-9,"<b>Silva Santiago María Damaris</b><br>Partido: MRN<br>Voto: Sí<br>Orden en la fuente: 212"
"GACETA_L66_TABLA1OR1_2","MRN","Favor",213,"Sánchez Arredondo Nancy Guadalupe","Sí",213,21,-9,"<b>Sánchez Arredondo Nancy Guadalupe</b><br>Partido: MRN<br>Voto: Sí<br>Orden en la fuente: 213"
"GACETA_L66_TABLA1OR1_2","MRN","Favor",214,"Sánchez Barrios Carlos","Sí",214,22,-9,"<b>Sánchez Barrios Carlos</b><br>Partido: MRN<br>Voto: Sí<br>Orden en la fuente: 214"
"GACETA_L66_TABLA1OR1_2","MRN","Favor",215,"Sánchez Cervantes Francisco Javier","Sí",215,23,-9,"<b>Sánchez Cervantes Francisco Javier</b><br>Partido: MRN<br>Voto: Sí<br>Orden en la fuente: 215"
"GACETA_L66_TABLA1OR1_2","MRN","Favor",216,"Sánchez López Gloria","Sí",216,24,-9,"<b>Sánchez López Gloria</b><br>Partido: MRN<br>Voto: Sí<br>Orden en la fuente: 216"
"GACETA_L66_TABLA1OR1_2","MRN","Favor",217,"Sánchez Reyes Jorge Luis","Sí",217,1,-10,"<b>Sánchez Reyes Jorge Luis</b><br>Partido: MRN<br>Voto: Sí<br>Orden en la fuente: 217"
"GACETA_L66_TABLA1OR1_2","MRN","Favor",218,"Solache González Maribel","Sí",218,2,-10,"<b>Solache González Maribel</b><br>Partido: MRN<br>Voto: Sí<br>Orden en la fuente: 218"
"GACETA_L66_TABLA1OR1_2","MRN","Favor",219,"Suárez Montes de Oca Roselia","Sí",219,3,-10,"<b>Suárez Montes de Oca Roselia</b><br>Partido: MRN<br>Voto: Sí<br>Orden en la fuente: 219"
"GACETA_L66_TABLA1OR1_2","MRN","Favor",220,"Taja Ramírez Javier","Sí",220,4,-10,"<b>Taja Ramírez Javier</b><br>Partido: MRN<br>Voto: Sí<br>Orden en la fuente: 220"
"GACETA_L66_TABLA1OR1_2","MRN","Favor",221,"Tenorio Adame Paola","Sí",221,5,-10,"<b>Tenorio Adame Paola</b><br>Partido: MRN<br>Voto: Sí<br>Orden en la fuente: 221"
"GACETA_L66_TABLA1OR1_2","MRN","Favor",222,"Ulloa Pérez Carlos Alberto","Sí",222,6,-10,"<b>Ulloa Pérez Carlos Alberto</b><br>Partido: MRN<br>Voto: Sí<br>Orden en la fuente: 222"
"GACETA_L66_TABLA1OR1_2","MRN","Favor",223,"ULLOA PEREZ GERARDO","Sí",223,7,-10,"<b>ULLOA PEREZ GERARDO</b><br>Partido: MRN<br>Voto: Sí<br>Orden en la fuente: 223"
"GACETA_L66_TABLA1OR1_2","MRN","Favor",224,"Urbina Castañeda Rosa Irene","Sí",224,8,-10,"<b>Urbina Castañeda Rosa Irene</b><br>Partido: MRN<br>Voto: Sí<br>Orden en la fuente: 224"
"GACETA_L66_TABLA1OR1_2","MRN","Favor",225,"Valdepeñas González Gabriela","Sí",225,9,-10,"<b>Valdepeñas González Gabriela</b><br>Partido: MRN<br>Voto: Sí<br>Orden en la fuente: 225"
"GACETA_L66_TABLA1OR1_2","MRN","Favor",226,"Valdés Peña Jesús","Sí",226,10,-10,"<b>Valdés Peña Jesús</b><br>Partido: MRN<br>Voto: Sí<br>Orden en la fuente: 226"
"GACETA_L66_TABLA1OR1_2","MRN","Favor",227,"Valencia de la Mora Gricelda","Sí",227,11,-10,"<b>Valencia de la Mora Gricelda</b><br>Partido: MRN<br>Voto: Sí<br>Orden en la fuente: 227"
"GACETA_L66_TABLA1OR1_2","MRN","Favor",228,"Varela Domínguez Juan Carlos","Sí",228,12,-10,"<b>Varela Domínguez Juan Carlos</b><br>Partido: MRN<br>Voto: Sí<br>Orden en la fuente: 228"
"GACETA_L66_TABLA1OR1_2","MRN","Favor",229,"Vargas Meraz Teresita de Jesús","Sí",229,13,-10,"<b>Vargas Meraz Teresita de Jesús</b><br>Partido: MRN<br>Voto: Sí<br>Orden en la fuente: 229"
"GACETA_L66_TABLA1OR1_2","MRN","Favor",230,"Velazco Bautista Aremy","Sí",230,14,-10,"<b>Velazco Bautista Aremy</b><br>Partido: MRN<br>Voto: Sí<br>Orden en la fuente: 230"
"GACETA_L66_TABLA1OR1_2","MRN","Favor",231,"Velázquez Vallejo Francisco Javier","Sí",231,15,-10,"<b>Velázquez Vallejo Francisco Javier</b><br>Partido: MRN<br>Voto: Sí<br>Orden en la fuente: 231"
"GACETA_L66_TABLA1OR1_2","MRN","Favor",232,"Velázquez Vázquez Marcela","Sí",232,16,-10,"<b>Velázquez Vázquez Marcela</b><br>Partido: MRN<br>Voto: Sí<br>Orden en la fuente: 232"
"GACETA_L66_TABLA1OR1_2","MRN","Favor",233,"Vences Valencia Julieta Kristal","Sí",233,17,-10,"<b>Vences Valencia Julieta Kristal</b><br>Partido: MRN<br>Voto: Sí<br>Orden en la fuente: 233"
"GACETA_L66_TABLA1OR1_2","MRN","Favor",234,"Vilchis Contreras Luis Fernando","Sí",234,18,-10,"<b>Vilchis Contreras Luis Fernando</b><br>Partido: MRN<br>Voto: Sí<br>Orden en la fuente: 234"
"GACETA_L66_TABLA1OR1_2","MRN","Favor",235,"Villalpando Riquelme Julieta","Sí",235,19,-10,"<b>Villalpando Riquelme Julieta</b><br>Partido: MRN<br>Voto: Sí<br>Orden en la fuente: 235"
"GACETA_L66_TABLA1OR1_2","MRN","Favor",236,"Villanueva Moo Jazmín Yaneli","Sí",236,20,-10,"<b>Villanueva Moo Jazmín Yaneli</b><br>Partido: MRN<br>Voto: Sí<br>Orden en la fuente: 236"
"GACETA_L66_TABLA1OR1_2","MRN","Favor",237,"Villegas Guarneros Dulce Ma. Corina","Sí",237,21,-10,"<b>Villegas Guarneros Dulce Ma. Corina</b><br>Partido: MRN<br>Voto: Sí<br>Orden en la fuente: 237"
"GACETA_L66_TABLA1OR1_2","MRN","Favor",238,"Villegas Sánchez Merary","Sí",238,22,-10,"<b>Villegas Sánchez Merary</b><br>Partido: MRN<br>Voto: Sí<br>Orden en la fuente: 238"
"GACETA_L66_TABLA1OR1_2","MRN","Favor",239,"Vitela Rodríguez Alma Marina","Sí",239,23,-10,"<b>Vitela Rodríguez Alma Marina</b><br>Partido: MRN<br>Voto: Sí<br>Orden en la fuente: 239"
"GACETA_L66_TABLA1OR1_2","MRN","Favor",240,"Vázquez Adasa Saray","Sí",240,24,-10,"<b>Vázquez Adasa Saray</b><br>Partido: MRN<br>Voto: Sí<br>Orden en la fuente: 240"
"GACETA_L66_TABLA1OR1_2","MRN","Favor",241,"Vázquez Alatorre Antares Guadalupe","Sí",241,1,-11,"<b>Vázquez Alatorre Antares Guadalupe</b><br>Partido: MRN<br>Voto: Sí<br>Orden en la fuente: 241"
"GACETA_L66_TABLA1OR1_2","MRN","Favor",242,"Vazquez Arellano Manuel","Sí",242,2,-11,"<b>Vazquez Arellano Manuel</b><br>Partido: MRN<br>Voto: Sí<br>Orden en la fuente: 242"
"GACETA_L66_TABLA1OR1_2","MRN","Favor",243,"Vázquez Conchas Raymundo","Sí",243,3,-11,"<b>Vázquez Conchas Raymundo</b><br>Partido: MRN<br>Voto: Sí<br>Orden en la fuente: 243"
"GACETA_L66_TABLA1OR1_2","MRN","Favor",244,"Vázquez Navarro Enrique","Sí",244,4,-11,"<b>Vázquez Navarro Enrique</b><br>Partido: MRN<br>Voto: Sí<br>Orden en la fuente: 244"
"GACETA_L66_TABLA1OR1_2","MRN","Favor",245,"Vazquez Vazquez Alfredo","Sí",245,5,-11,"<b>Vazquez Vazquez Alfredo</b><br>Partido: MRN<br>Voto: Sí<br>Orden en la fuente: 245"
"GACETA_L66_TABLA1OR1_2","MRN","Favor",246,"Xix Euan Elda María","Sí",246,6,-11,"<b>Xix Euan Elda María</b><br>Partido: MRN<br>Voto: Sí<br>Orden en la fuente: 246"
"GACETA_L66_TABLA1OR1_2","MRN","Favor",247,"Zagal Ramírez Xochitl Nashielly","Sí",247,7,-11,"<b>Zagal Ramírez Xochitl Nashielly</b><br>Partido: MRN<br>Voto: Sí<br>Orden en la fuente: 247"
"GACETA_L66_TABLA1OR1_2","MRN","Favor",248,"Zebadúa Alva Joaquín","Sí",248,8,-11,"<b>Zebadúa Alva Joaquín</b><br>Partido: MRN<br>Voto: Sí<br>Orden en la fuente: 248"
"GACETA_L66_TABLA1OR1_2","MRN","Favor",249,"Zenteno Santaella Pedro Mario","Sí",249,9,-11,"<b>Zenteno Santaella Pedro Mario</b><br>Partido: MRN<br>Voto: Sí<br>Orden en la fuente: 249"
"GACETA_L66_TABLA1OR1_2","MRN","Favor",250,"Zúñiga Cerón Marisela","Sí",250,10,-11,"<b>Zúñiga Cerón Marisela</b><br>Partido: MRN<br>Voto: Sí<br>Orden en la fuente: 250"
"GACETA_L66_TABLA1OR1_2","MRN","Ausente",1,"Armenta Oliveros Magaly","Ausente",251,11,-11,"<b>Armenta Oliveros Magaly</b><br>Partido: MRN<br>Voto: Ausente<br>Orden en la fuente: 1"
"GACETA_L66_TABLA1OR1_2","MRN","Ausente",2,"Gómez Urrutia Napoleón","Ausente",252,12,-11,"<b>Gómez Urrutia Napoleón</b><br>Partido: MRN<br>Voto: Ausente<br>Orden en la fuente: 2"
"GACETA_L66_TABLA1OR1_2","MRN","Ausente",3,"Martínez y Hernández Ifigenia","Ausente",253,13,-11,"<b>Martínez y Hernández Ifigenia</b><br>Partido: MRN<br>Voto: Ausente<br>Orden en la fuente: 3"
"GACETA_L66_TABLA1OR1_2","MRN","Ausente",4,"Oseguera Kernion Adrián","Ausente",254,14,-11,"<b>Oseguera Kernion Adrián</b><br>Partido: MRN<br>Voto: Ausente<br>Orden en la fuente: 4"
"GACETA_L66_TABLA1OR1_2","MRN","Ausente",5,"Sánchez Cordero Dávila Olga","Ausente",255,15,-11,"<b>Sánchez Cordero Dávila Olga</b><br>Partido: MRN<br>Voto: Ausente<br>Orden en la fuente: 5"
"GACETA_L66_TABLA1OR1_2","PAN","Contra",1,"Anaya Llamas José Guillermo","No",1,1,-1,"<b>Anaya Llamas José Guillermo</b><br>Partido: PAN<br>Voto: No<br>Orden en la fuente: 1"
"GACETA_L66_TABLA1OR1_2","PAN","Contra",2,"Azuara Zúñiga David","No",2,2,-1,"<b>Azuara Zúñiga David</b><br>Partido: PAN<br>Voto: No<br>Orden en la fuente: 2"
"GACETA_L66_TABLA1OR1_2","PAN","Contra",3,"Balderas Trejo Ana María","No",3,3,-1,"<b>Balderas Trejo Ana María</b><br>Partido: PAN<br>Voto: No<br>Orden en la fuente: 3"
"GACETA_L66_TABLA1OR1_2","PAN","Contra",4,"Becerra Moreno Monica","No",4,4,-1,"<b>Becerra Moreno Monica</b><br>Partido: PAN<br>Voto: No<br>Orden en la fuente: 4"
"GACETA_L66_TABLA1OR1_2","PAN","Contra",5,"Borboa Becerra Omar Antonio","No",5,5,-1,"<b>Borboa Becerra Omar Antonio</b><br>Partido: PAN<br>Voto: No<br>Orden en la fuente: 5"
"GACETA_L66_TABLA1OR1_2","PAN","Contra",6,"Castillo Medina Nubia Iris","No",6,6,-1,"<b>Castillo Medina Nubia Iris</b><br>Partido: PAN<br>Voto: No<br>Orden en la fuente: 6"
"GACETA_L66_TABLA1OR1_2","PAN","Contra",7,"Chimal García Fidel Daniel","No",7,7,-1,"<b>Chimal García Fidel Daniel</b><br>Partido: PAN<br>Voto: No<br>Orden en la fuente: 7"
"GACETA_L66_TABLA1OR1_2","PAN","Contra",8,"Cortés Mendoza David Alejandro","No",8,8,-1,"<b>Cortés Mendoza David Alejandro</b><br>Partido: PAN<br>Voto: No<br>Orden en la fuente: 8"
"GACETA_L66_TABLA1OR1_2","PAN","Contra",9,"Damián Retes César Israel","No",9,9,-1,"<b>Damián Retes César Israel</b><br>Partido: PAN<br>Voto: No<br>Orden en la fuente: 9"
"GACETA_L66_TABLA1OR1_2","PAN","Contra",10,"Döring Casar Federico","No",10,10,-1,"<b>Döring Casar Federico</b><br>Partido: PAN<br>Voto: No<br>Orden en la fuente: 10"
"GACETA_L66_TABLA1OR1_2","PAN","Contra",11,"Espinosa Sánchez Paola Milagros","No",11,11,-1,"<b>Espinosa Sánchez Paola Milagros</b><br>Partido: PAN<br>Voto: No<br>Orden en la fuente: 11"
"GACETA_L66_TABLA1OR1_2","PAN","Contra",12,"Ferreyro Rosado Abril","No",12,12,-1,"<b>Ferreyro Rosado Abril</b><br>Partido: PAN<br>Voto: No<br>Orden en la fuente: 12"
"GACETA_L66_TABLA1OR1_2","PAN","Contra",13,"Gamboa Torales María Josefina","No",13,13,-1,"<b>Gamboa Torales María Josefina</b><br>Partido: PAN<br>Voto: No<br>Orden en la fuente: 13"
"GACETA_L66_TABLA1OR1_2","PAN","Contra",14,"García Jimeno Alcocer Ma. Lorena","No",14,14,-1,"<b>García Jimeno Alcocer Ma. Lorena</b><br>Partido: PAN<br>Voto: No<br>Orden en la fuente: 14"
"GACETA_L66_TABLA1OR1_2","PAN","Contra",15,"García López Luis Enrique","No",15,15,-1,"<b>García López Luis Enrique</b><br>Partido: PAN<br>Voto: No<br>Orden en la fuente: 15"
"GACETA_L66_TABLA1OR1_2","PAN","Contra",16,"Garza Treviño Pedro","No",16,16,-1,"<b>Garza Treviño Pedro</b><br>Partido: PAN<br>Voto: No<br>Orden en la fuente: 16"
"GACETA_L66_TABLA1OR1_2","PAN","Contra",17,"Ginez Serrano Teresa","No",17,17,-1,"<b>Ginez Serrano Teresa</b><br>Partido: PAN<br>Voto: No<br>Orden en la fuente: 17"
"GACETA_L66_TABLA1OR1_2","PAN","Contra",18,"Gómez Cárdenas Annia Sarahí","No",18,18,-1,"<b>Gómez Cárdenas Annia Sarahí</b><br>Partido: PAN<br>Voto: No<br>Orden en la fuente: 18"
"GACETA_L66_TABLA1OR1_2","PAN","Contra",19,"González Alonso Carmen Rocío","No",19,19,-1,"<b>González Alonso Carmen Rocío</b><br>Partido: PAN<br>Voto: No<br>Orden en la fuente: 19"
"GACETA_L66_TABLA1OR1_2","PAN","Contra",20,"Granados Trespalacios María Angélica","No",20,20,-1,"<b>Granados Trespalacios María Angélica</b><br>Partido: PAN<br>Voto: No<br>Orden en la fuente: 20"
"GACETA_L66_TABLA1OR1_2","PAN","Contra",21,"Guevara Rodríguez Miguel Ángel","No",21,21,-1,"<b>Guevara Rodríguez Miguel Ángel</b><br>Partido: PAN<br>Voto: No<br>Orden en la fuente: 21"
"GACETA_L66_TABLA1OR1_2","PAN","Contra",22,"Gutiérrez Garza Blanca Leticia","No",22,22,-1,"<b>Gutiérrez Garza Blanca Leticia</b><br>Partido: PAN<br>Voto: No<br>Orden en la fuente: 22"
"GACETA_L66_TABLA1OR1_2","PAN","Contra",23,"Gutierrez Valtierra Diana Estefania","No",23,23,-1,"<b>Gutierrez Valtierra Diana Estefania</b><br>Partido: PAN<br>Voto: No<br>Orden en la fuente: 23"
"GACETA_L66_TABLA1OR1_2","PAN","Contra",24,"Guzmán Avilés María del Rosario","No",24,24,-1,"<b>Guzmán Avilés María del Rosario</b><br>Partido: PAN<br>Voto: No<br>Orden en la fuente: 24"
"GACETA_L66_TABLA1OR1_2","PAN","Contra",25,"Hernández Cerón Asael","No",25,1,-2,"<b>Hernández Cerón Asael</b><br>Partido: PAN<br>Voto: No<br>Orden en la fuente: 25"
"GACETA_L66_TABLA1OR1_2","PAN","Contra",26,"Hinojosa Pérez José Manuel","No",26,2,-2,"<b>Hinojosa Pérez José Manuel</b><br>Partido: PAN<br>Voto: No<br>Orden en la fuente: 26"
"GACETA_L66_TABLA1OR1_2","PAN","Contra",27,"Huerta Villegas Genoveva","No",27,3,-2,"<b>Huerta Villegas Genoveva</b><br>Partido: PAN<br>Voto: No<br>Orden en la fuente: 27"
"GACETA_L66_TABLA1OR1_2","PAN","Contra",28,"Iñiguez Franco José Mario","No",28,4,-2,"<b>Iñiguez Franco José Mario</b><br>Partido: PAN<br>Voto: No<br>Orden en la fuente: 28"
"GACETA_L66_TABLA1OR1_2","PAN","Contra",29,"Jiménez Angulo Julia Licet","No",29,5,-2,"<b>Jiménez Angulo Julia Licet</b><br>Partido: PAN<br>Voto: No<br>Orden en la fuente: 29"
"GACETA_L66_TABLA1OR1_2","PAN","Contra",30,"Jiménez Delgado Silvia Patricia","No",30,6,-2,"<b>Jiménez Delgado Silvia Patricia</b><br>Partido: PAN<br>Voto: No<br>Orden en la fuente: 30"
"GACETA_L66_TABLA1OR1_2","PAN","Contra",31,"Jiménez Zamora Mariana Guadalupe","No",31,7,-2,"<b>Jiménez Zamora Mariana Guadalupe</b><br>Partido: PAN<br>Voto: No<br>Orden en la fuente: 31"
"GACETA_L66_TABLA1OR1_2","PAN","Contra",32,"Kalionchiz De la Fuente Theodoros","No",32,8,-2,"<b>Kalionchiz De la Fuente Theodoros</b><br>Partido: PAN<br>Voto: No<br>Orden en la fuente: 32"
"GACETA_L66_TABLA1OR1_2","PAN","Contra",33,"Lixa Abimerhi José Elías","No",33,9,-2,"<b>Lixa Abimerhi José Elías</b><br>Partido: PAN<br>Voto: No<br>Orden en la fuente: 33"
"GACETA_L66_TABLA1OR1_2","PAN","Contra",34,"López Rabadán Kenia","No",34,10,-2,"<b>López Rabadán Kenia</b><br>Partido: PAN<br>Voto: No<br>Orden en la fuente: 34"
"GACETA_L66_TABLA1OR1_2","PAN","Contra",35,"Luna Ayala Noemi Berenice","No",35,11,-2,"<b>Luna Ayala Noemi Berenice</b><br>Partido: PAN<br>Voto: No<br>Orden en la fuente: 35"
"GACETA_L66_TABLA1OR1_2","PAN","Contra",36,"MARTINEZ CAZARES GERMAN","No",36,12,-2,"<b>MARTINEZ CAZARES GERMAN</b><br>Partido: PAN<br>Voto: No<br>Orden en la fuente: 36"
"GACETA_L66_TABLA1OR1_2","PAN","Contra",37,"Martínez López Paulo Gonzalo","No",37,13,-2,"<b>Martínez López Paulo Gonzalo</b><br>Partido: PAN<br>Voto: No<br>Orden en la fuente: 37"
"GACETA_L66_TABLA1OR1_2","PAN","Contra",38,"Martínez Álvarez Elizabeth","No",38,14,-2,"<b>Martínez Álvarez Elizabeth</b><br>Partido: PAN<br>Voto: No<br>Orden en la fuente: 38"
"GACETA_L66_TABLA1OR1_2","PAN","Contra",39,"Martínez Terrazas Víctor Adrián","No",39,15,-2,"<b>Martínez Terrazas Víctor Adrián</b><br>Partido: PAN<br>Voto: No<br>Orden en la fuente: 39"
"GACETA_L66_TABLA1OR1_2","PAN","Contra",40,"Monraz Ibarra Miguel Ángel","No",40,16,-2,"<b>Monraz Ibarra Miguel Ángel</b><br>Partido: PAN<br>Voto: No<br>Orden en la fuente: 40"
"GACETA_L66_TABLA1OR1_2","PAN","Contra",41,"Moya Bastón Martha Amalia","No",41,17,-2,"<b>Moya Bastón Martha Amalia</b><br>Partido: PAN<br>Voto: No<br>Orden en la fuente: 41"
"GACETA_L66_TABLA1OR1_2","PAN","Contra",42,"Márquez Alcalá Laura Cristina","No",42,18,-2,"<b>Márquez Alcalá Laura Cristina</b><br>Partido: PAN<br>Voto: No<br>Orden en la fuente: 42"
"GACETA_L66_TABLA1OR1_2","PAN","Contra",43,"Márquez Becerra Alan Sahir","No",43,19,-2,"<b>Márquez Becerra Alan Sahir</b><br>Partido: PAN<br>Voto: No<br>Orden en la fuente: 43"
"GACETA_L66_TABLA1OR1_2","PAN","Contra",44,"Niño de Rivera Vela Homero Ricardo","No",44,20,-2,"<b>Niño de Rivera Vela Homero Ricardo</b><br>Partido: PAN<br>Voto: No<br>Orden en la fuente: 44"
"GACETA_L66_TABLA1OR1_2","PAN","Contra",45,"Olguín Díaz Nancy Aracely","No",45,21,-2,"<b>Olguín Díaz Nancy Aracely</b><br>Partido: PAN<br>Voto: No<br>Orden en la fuente: 45"
"GACETA_L66_TABLA1OR1_2","PAN","Contra",46,"Olivares Castañeda Amparo Lilia","No",46,22,-2,"<b>Olivares Castañeda Amparo Lilia</b><br>Partido: PAN<br>Voto: No<br>Orden en la fuente: 46"
"GACETA_L66_TABLA1OR1_2","PAN","Contra",47,"Ortiz Pérez Liliana","No",47,23,-2,"<b>Ortiz Pérez Liliana</b><br>Partido: PAN<br>Voto: No<br>Orden en la fuente: 47"
"GACETA_L66_TABLA1OR1_2","PAN","Contra",48,"Palacios Kuri Tania","No",48,24,-2,"<b>Palacios Kuri Tania</b><br>Partido: PAN<br>Voto: No<br>Orden en la fuente: 48"
"GACETA_L66_TABLA1OR1_2","PAN","Contra",49,"Pelayo Covarrubias Francisco","No",49,1,-3,"<b>Pelayo Covarrubias Francisco</b><br>Partido: PAN<br>Voto: No<br>Orden en la fuente: 49"
"GACETA_L66_TABLA1OR1_2","PAN","Contra",50,"Pérez Díaz Víctor Manuel","No",50,2,-3,"<b>Pérez Díaz Víctor Manuel</b><br>Partido: PAN<br>Voto: No<br>Orden en la fuente: 50"
"GACETA_L66_TABLA1OR1_2","PAN","Contra",51,"PEREZ HERRERA VERONICA","No",51,3,-3,"<b>PEREZ HERRERA VERONICA</b><br>Partido: PAN<br>Voto: No<br>Orden en la fuente: 51"
"GACETA_L66_TABLA1OR1_2","PAN","Contra",52,"Quiñones Garrido Claudia","No",52,4,-3,"<b>Quiñones Garrido Claudia</b><br>Partido: PAN<br>Voto: No<br>Orden en la fuente: 52"
"GACETA_L66_TABLA1OR1_2","PAN","Contra",53,"Ramírez Barba Ector Jaime","No",53,5,-3,"<b>Ramírez Barba Ector Jaime</b><br>Partido: PAN<br>Voto: No<br>Orden en la fuente: 53"
"GACETA_L66_TABLA1OR1_2","PAN","Contra",54,"Rementería del Puerto Julen","No",54,6,-3,"<b>Rementería del Puerto Julen</b><br>Partido: PAN<br>Voto: No<br>Orden en la fuente: 54"
"GACETA_L66_TABLA1OR1_2","PAN","Contra",55,"Rendón García César Augusto","No",55,7,-3,"<b>Rendón García César Augusto</b><br>Partido: PAN<br>Voto: No<br>Orden en la fuente: 55"
"GACETA_L66_TABLA1OR1_2","PAN","Contra",56,"Rodríguez Barroso Diego Angel","No",56,8,-3,"<b>Rodríguez Barroso Diego Angel</b><br>Partido: PAN<br>Voto: No<br>Orden en la fuente: 56"
"GACETA_L66_TABLA1OR1_2","PAN","Contra",57,"Rodríguez Heredia María Isabel","No",57,9,-3,"<b>Rodríguez Heredia María Isabel</b><br>Partido: PAN<br>Voto: No<br>Orden en la fuente: 57"
"GACETA_L66_TABLA1OR1_2","PAN","Contra",58,"Rodríguez Torres Luis Agustín","No",58,10,-3,"<b>Rodríguez Torres Luis Agustín</b><br>Partido: PAN<br>Voto: No<br>Orden en la fuente: 58"
"GACETA_L66_TABLA1OR1_2","PAN","Contra",59,"Rubio Fernández Paulina","No",59,11,-3,"<b>Rubio Fernández Paulina</b><br>Partido: PAN<br>Voto: No<br>Orden en la fuente: 59"
"GACETA_L66_TABLA1OR1_2","PAN","Contra",60,"Salim Alle Miguel Ángel","No",60,12,-3,"<b>Salim Alle Miguel Ángel</b><br>Partido: PAN<br>Voto: No<br>Orden en la fuente: 60"
"GACETA_L66_TABLA1OR1_2","PAN","Contra",61,"Sánchez Rodríguez Ernesto","No",61,13,-3,"<b>Sánchez Rodríguez Ernesto</b><br>Partido: PAN<br>Voto: No<br>Orden en la fuente: 61"
"GACETA_L66_TABLA1OR1_2","PAN","Contra",62,"Sosa Pichardo Roberto","No",62,14,-3,"<b>Sosa Pichardo Roberto</b><br>Partido: PAN<br>Voto: No<br>Orden en la fuente: 62"
"GACETA_L66_TABLA1OR1_2","PAN","Contra",63,"Tejeda Cid Armando","No",63,15,-3,"<b>Tejeda Cid Armando</b><br>Partido: PAN<br>Voto: No<br>Orden en la fuente: 63"
"GACETA_L66_TABLA1OR1_2","PAN","Contra",64,"Téllez Hernández Héctor Saúl","No",64,16,-3,"<b>Téllez Hernández Héctor Saúl</b><br>Partido: PAN<br>Voto: No<br>Orden en la fuente: 64"
"GACETA_L66_TABLA1OR1_2","PAN","Contra",65,"Torres Cofiño Marcelo de Jesús","No",65,17,-3,"<b>Torres Cofiño Marcelo de Jesús</b><br>Partido: PAN<br>Voto: No<br>Orden en la fuente: 65"
"GACETA_L66_TABLA1OR1_2","PAN","Contra",66,"Torres Graciano Fernando","No",66,18,-3,"<b>Torres Graciano Fernando</b><br>Partido: PAN<br>Voto: No<br>Orden en la fuente: 66"
"GACETA_L66_TABLA1OR1_2","PAN","Contra",67,"Treviño Martínez Guillermo","No",67,19,-3,"<b>Treviño Martínez Guillermo</b><br>Partido: PAN<br>Voto: No<br>Orden en la fuente: 67"
"GACETA_L66_TABLA1OR1_2","PAN","Contra",68,"Verástegui Ostos César Augusto","No",68,20,-3,"<b>Verástegui Ostos César Augusto</b><br>Partido: PAN<br>Voto: No<br>Orden en la fuente: 68"
"GACETA_L66_TABLA1OR1_2","PAN","Contra",69,"Vásquez Hernández Eva María","No",69,21,-3,"<b>Vásquez Hernández Eva María</b><br>Partido: PAN<br>Voto: No<br>Orden en la fuente: 69"
"GACETA_L66_TABLA1OR1_2","PAN","Contra",70,"Vázquez Jiménez Alonso de Jesús","No",70,22,-3,"<b>Vázquez Jiménez Alonso de Jesús</b><br>Partido: PAN<br>Voto: No<br>Orden en la fuente: 70"
"GACETA_L66_TABLA1OR1_2","PAN","Contra",71,"Zavala Gómez del Campo Margarita E.","No",71,23,-3,"<b>Zavala Gómez del Campo Margarita E.</b><br>Partido: PAN<br>Voto: No<br>Orden en la fuente: 71"
"GACETA_L66_TABLA1OR1_2","PRD","Contra",1,"Sandoval Hernández Mónica Elizabeth","No",1,1,-1,"<b>Sandoval Hernández Mónica Elizabeth</b><br>Partido: PRD<br>Voto: No<br>Orden en la fuente: 1"
"GACETA_L66_TABLA1OR1_2","PRI","Contra",1,"Abramo Masso Yerico","No",1,1,-1,"<b>Abramo Masso Yerico</b><br>Partido: PRI<br>Voto: No<br>Orden en la fuente: 1"
"GACETA_L66_TABLA1OR1_2","PRI","Contra",2,"Alonso Que Erubiel Lorenzo","No",2,2,-1,"<b>Alonso Que Erubiel Lorenzo</b><br>Partido: PRI<br>Voto: No<br>Orden en la fuente: 2"
"GACETA_L66_TABLA1OR1_2","PRI","Contra",3,"Alonso Reyes Miguel Alejandro","No",3,3,-1,"<b>Alonso Reyes Miguel Alejandro</b><br>Partido: PRI<br>Voto: No<br>Orden en la fuente: 3"
"GACETA_L66_TABLA1OR1_2","PRI","Contra",4,"Ambriz Delgadillo Humberto","No",4,4,-1,"<b>Ambriz Delgadillo Humberto</b><br>Partido: PRI<br>Voto: No<br>Orden en la fuente: 4"
"GACETA_L66_TABLA1OR1_2","PRI","Contra",5,"Arredondo Ramos Abigail","No",5,5,-1,"<b>Arredondo Ramos Abigail</b><br>Partido: PRI<br>Voto: No<br>Orden en la fuente: 5"
"GACETA_L66_TABLA1OR1_2","PRI","Contra",6,"Barrera Maldonado Leticia","No",6,6,-1,"<b>Barrera Maldonado Leticia</b><br>Partido: PRI<br>Voto: No<br>Orden en la fuente: 6"
"GACETA_L66_TABLA1OR1_2","PRI","Contra",7,"Beltrones Sánchez Sylvana","No",7,7,-1,"<b>Beltrones Sánchez Sylvana</b><br>Partido: PRI<br>Voto: No<br>Orden en la fuente: 7"
"GACETA_L66_TABLA1OR1_2","PRI","Contra",8,"Betanzos Cortés Israel","No",8,8,-1,"<b>Betanzos Cortés Israel</b><br>Partido: PRI<br>Voto: No<br>Orden en la fuente: 8"
"GACETA_L66_TABLA1OR1_2","PRI","Contra",9,"Calzada Mercado Mario","No",9,9,-1,"<b>Calzada Mercado Mario</b><br>Partido: PRI<br>Voto: No<br>Orden en la fuente: 9"
"GACETA_L66_TABLA1OR1_2","PRI","Contra",10,"Cantú Ramírez Andrés Mauricio","No",10,10,-1,"<b>Cantú Ramírez Andrés Mauricio</b><br>Partido: PRI<br>Voto: No<br>Orden en la fuente: 10"
"GACETA_L66_TABLA1OR1_2","PRI","Contra",11,"Castro Bello Christian Mishel","No",11,11,-1,"<b>Castro Bello Christian Mishel</b><br>Partido: PRI<br>Voto: No<br>Orden en la fuente: 11"
"GACETA_L66_TABLA1OR1_2","PRI","Contra",12,"Ceja García Xitlalic","No",12,12,-1,"<b>Ceja García Xitlalic</b><br>Partido: PRI<br>Voto: No<br>Orden en la fuente: 12"
"GACETA_L66_TABLA1OR1_2","PRI","Contra",13,"Chávez Velázquez Noel","No",13,13,-1,"<b>Chávez Velázquez Noel</b><br>Partido: PRI<br>Voto: No<br>Orden en la fuente: 13"
"GACETA_L66_TABLA1OR1_2","PRI","Contra",14,"Domínguez Domínguez César A.","No",14,14,-1,"<b>Domínguez Domínguez César A.</b><br>Partido: PRI<br>Voto: No<br>Orden en la fuente: 14"
"GACETA_L66_TABLA1OR1_2","PRI","Contra",15,"Espinoza Eguia Juan Francisco","No",15,15,-1,"<b>Espinoza Eguia Juan Francisco</b><br>Partido: PRI<br>Voto: No<br>Orden en la fuente: 15"
"GACETA_L66_TABLA1OR1_2","PRI","Contra",16,"González González Ana Isabel","No",16,16,-1,"<b>González González Ana Isabel</b><br>Partido: PRI<br>Voto: No<br>Orden en la fuente: 16"
"GACETA_L66_TABLA1OR1_2","PRI","Contra",17,"GUERRA CASTILLO MARCELA","No",17,17,-1,"<b>GUERRA CASTILLO MARCELA</b><br>Partido: PRI<br>Voto: No<br>Orden en la fuente: 17"
"GACETA_L66_TABLA1OR1_2","PRI","Contra",18,"Guerrero Esquivel Fuensanta G.","No",18,18,-1,"<b>Guerrero Esquivel Fuensanta G.</b><br>Partido: PRI<br>Voto: No<br>Orden en la fuente: 18"
"GACETA_L66_TABLA1OR1_2","PRI","Contra",19,"Gutiérrez Arroyo Hugo Eduardo","No",19,19,-1,"<b>Gutiérrez Arroyo Hugo Eduardo</b><br>Partido: PRI<br>Voto: No<br>Orden en la fuente: 19"
"GACETA_L66_TABLA1OR1_2","PRI","Contra",20,"Gutiérrez Mancilla Carlos Eduardo","No",20,20,-1,"<b>Gutiérrez Mancilla Carlos Eduardo</b><br>Partido: PRI<br>Voto: No<br>Orden en la fuente: 20"
"GACETA_L66_TABLA1OR1_2","PRI","Contra",21,"Jasso Nieto Ofelia Socorro","No",21,21,-1,"<b>Jasso Nieto Ofelia Socorro</b><br>Partido: PRI<br>Voto: No<br>Orden en la fuente: 21"
"GACETA_L66_TABLA1OR1_2","PRI","Contra",22,"Lara Calderón Emilio","No",22,22,-1,"<b>Lara Calderón Emilio</b><br>Partido: PRI<br>Voto: No<br>Orden en la fuente: 22"
"GACETA_L66_TABLA1OR1_2","PRI","Contra",23,"Martínez García Verónica","No",23,23,-1,"<b>Martínez García Verónica</b><br>Partido: PRI<br>Voto: No<br>Orden en la fuente: 23"
"GACETA_L66_TABLA1OR1_2","PRI","Contra",24,"Meléndez Ortega Juan Antonio","No",24,24,-1,"<b>Meléndez Ortega Juan Antonio</b><br>Partido: PRI<br>Voto: No<br>Orden en la fuente: 24"
"GACETA_L66_TABLA1OR1_2","PRI","Contra",25,"Moreira Valdez Rubén Ignacio","No",25,1,-2,"<b>Moreira Valdez Rubén Ignacio</b><br>Partido: PRI<br>Voto: No<br>Orden en la fuente: 25"
"GACETA_L66_TABLA1OR1_2","PRI","Contra",26,"Moreno de Haro Juan","No",26,2,-2,"<b>Moreno de Haro Juan</b><br>Partido: PRI<br>Voto: No<br>Orden en la fuente: 26"
"GACETA_L66_TABLA1OR1_2","PRI","Contra",27,"Navarro Acevedo Nadia","No",27,3,-2,"<b>Navarro Acevedo Nadia</b><br>Partido: PRI<br>Voto: No<br>Orden en la fuente: 27"
"GACETA_L66_TABLA1OR1_2","PRI","Contra",28,"Ortiz González Graciela","No",28,4,-2,"<b>Ortiz González Graciela</b><br>Partido: PRI<br>Voto: No<br>Orden en la fuente: 28"
"GACETA_L66_TABLA1OR1_2","PRI","Contra",29,"Palma César Víctor Samuel","No",29,5,-2,"<b>Palma César Víctor Samuel</b><br>Partido: PRI<br>Voto: No<br>Orden en la fuente: 29"
"GACETA_L66_TABLA1OR1_2","PRI","Contra",30,"Piñón Rivera Lorena","No",30,6,-2,"<b>Piñón Rivera Lorena</b><br>Partido: PRI<br>Voto: No<br>Orden en la fuente: 30"
"GACETA_L66_TABLA1OR1_2","PRI","Contra",31,"Rejón Lara Ariana del Rocío","No",31,7,-2,"<b>Rejón Lara Ariana del Rocío</b><br>Partido: PRI<br>Voto: No<br>Orden en la fuente: 31"
"GACETA_L66_TABLA1OR1_2","PRI","Contra",32,"Ruiz Moreno Laura Ivonne","No",32,8,-2,"<b>Ruiz Moreno Laura Ivonne</b><br>Partido: PRI<br>Voto: No<br>Orden en la fuente: 32"
"GACETA_L66_TABLA1OR1_2","PRI","Contra",33,"Sánchez Sánchez Luis Gerardo","No",33,9,-2,"<b>Sánchez Sánchez Luis Gerardo</b><br>Partido: PRI<br>Voto: No<br>Orden en la fuente: 33"
"GACETA_L66_TABLA1OR1_2","PRI","Contra",34,"Suárez Licona Emilio","No",34,10,-2,"<b>Suárez Licona Emilio</b><br>Partido: PRI<br>Voto: No<br>Orden en la fuente: 34"
"GACETA_L66_TABLA1OR1_2","PRI","Contra",35,"Yañez Cuellar Arturo","No",35,11,-2,"<b>Yañez Cuellar Arturo</b><br>Partido: PRI<br>Voto: No<br>Orden en la fuente: 35"
"GACETA_L66_TABLA1OR1_2","PRI","Contra",36,"Zamora Gastélum Mario","No",36,12,-2,"<b>Zamora Gastélum Mario</b><br>Partido: PRI<br>Voto: No<br>Orden en la fuente: 36"
"GACETA_L66_TABLA1OR1_2","PT","Favor",1,"Aguilar Gil Lilia","Sí",1,1,-1,"<b>Aguilar Gil Lilia</b><br>Partido: PT<br>Voto: Sí<br>Orden en la fuente: 1"
"GACETA_L66_TABLA1OR1_2","PT","Favor",2,"Aguilar López José Alejandro","Sí",2,2,-1,"<b>Aguilar López José Alejandro</b><br>Partido: PT<br>Voto: Sí<br>Orden en la fuente: 2"
"GACETA_L66_TABLA1OR1_2","PT","Favor",3,"Albores Gleason Roberto Armando","Sí",3,3,-1,"<b>Albores Gleason Roberto Armando</b><br>Partido: PT<br>Voto: Sí<br>Orden en la fuente: 3"
"GACETA_L66_TABLA1OR1_2","PT","Favor",4,"Barreras Samaniego Diana Karina","Sí",4,4,-1,"<b>Barreras Samaniego Diana Karina</b><br>Partido: PT<br>Voto: Sí<br>Orden en la fuente: 4"
"GACETA_L66_TABLA1OR1_2","PT","Favor",5,"Benavides Castañeda José Alberto","Sí",5,5,-1,"<b>Benavides Castañeda José Alberto</b><br>Partido: PT<br>Voto: Sí<br>Orden en la fuente: 5"
"GACETA_L66_TABLA1OR1_2","PT","Favor",6,"Bernal Martínez Mary Carmen","Sí",6,6,-1,"<b>Bernal Martínez Mary Carmen</b><br>Partido: PT<br>Voto: Sí<br>Orden en la fuente: 6"
"GACETA_L66_TABLA1OR1_2","PT","Favor",7,"Corral Ordóñez Jesús Roberto","Sí",7,7,-1,"<b>Corral Ordóñez Jesús Roberto</b><br>Partido: PT<br>Voto: Sí<br>Orden en la fuente: 7"
"GACETA_L66_TABLA1OR1_2","PT","Favor",8,"Cruz Jiménez Martha Aracely","Sí",8,8,-1,"<b>Cruz Jiménez Martha Aracely</b><br>Partido: PT<br>Voto: Sí<br>Orden en la fuente: 8"
"GACETA_L66_TABLA1OR1_2","PT","Favor",9,"Díaz Luis Armando","Sí",9,9,-1,"<b>Díaz Luis Armando</b><br>Partido: PT<br>Voto: Sí<br>Orden en la fuente: 9"
"GACETA_L66_TABLA1OR1_2","PT","Favor",10,"De la Luz Rivas María Isidra","Sí",10,10,-1,"<b>De la Luz Rivas María Isidra</b><br>Partido: PT<br>Voto: Sí<br>Orden en la fuente: 10"
"GACETA_L66_TABLA1OR1_2","PT","Favor",11,"Del Muro García Ana Luisa","Sí",11,11,-1,"<b>Del Muro García Ana Luisa</b><br>Partido: PT<br>Voto: Sí<br>Orden en la fuente: 11"
"GACETA_L66_TABLA1OR1_2","PT","Favor",12,"Durán Alarcón Greycy Marian","Sí",12,12,-1,"<b>Durán Alarcón Greycy Marian</b><br>Partido: PT<br>Voto: Sí<br>Orden en la fuente: 12"
"GACETA_L66_TABLA1OR1_2","PT","Favor",13,"Elizondo Guerra Olga Juliana","Sí",13,13,-1,"<b>Elizondo Guerra Olga Juliana</b><br>Partido: PT<br>Voto: Sí<br>Orden en la fuente: 13"
"GACETA_L66_TABLA1OR1_2","PT","Favor",14,"Espinosa Ramos Francisco Amadeo","Sí",14,14,-1,"<b>Espinosa Ramos Francisco Amadeo</b><br>Partido: PT<br>Voto: Sí<br>Orden en la fuente: 14"
"GACETA_L66_TABLA1OR1_2","PT","Favor",15,"Galindo Alarcón Patricia","Sí",15,15,-1,"<b>Galindo Alarcón Patricia</b><br>Partido: PT<br>Voto: Sí<br>Orden en la fuente: 15"
"GACETA_L66_TABLA1OR1_2","PT","Favor",16,"Garay Loredo Irma Yordana","Sí",16,16,-1,"<b>Garay Loredo Irma Yordana</b><br>Partido: PT<br>Voto: Sí<br>Orden en la fuente: 16"
"GACETA_L66_TABLA1OR1_2","PT","Favor",17,"García García Margarita","Sí",17,17,-1,"<b>García García Margarita</b><br>Partido: PT<br>Voto: Sí<br>Orden en la fuente: 17"
"GACETA_L66_TABLA1OR1_2","PT","Favor",18,"García Hernández Jesús Fernando","Sí",18,18,-1,"<b>García Hernández Jesús Fernando</b><br>Partido: PT<br>Voto: Sí<br>Orden en la fuente: 18"
"GACETA_L66_TABLA1OR1_2","PT","Favor",19,"Gloria López José","Sí",19,19,-1,"<b>Gloria López José</b><br>Partido: PT<br>Voto: Sí<br>Orden en la fuente: 19"
"GACETA_L66_TABLA1OR1_2","PT","Favor",20,"Gómez Alarcón Amarante Gonzalo","Sí",20,20,-1,"<b>Gómez Alarcón Amarante Gonzalo</b><br>Partido: PT<br>Voto: Sí<br>Orden en la fuente: 20"
"GACETA_L66_TABLA1OR1_2","PT","Favor",21,"González Soto Santiago","Sí",21,21,-1,"<b>González Soto Santiago</b><br>Partido: PT<br>Voto: Sí<br>Orden en la fuente: 21"
"GACETA_L66_TABLA1OR1_2","PT","Favor",22,"Herrera Natividad Olga Lidia","Sí",22,22,-1,"<b>Herrera Natividad Olga Lidia</b><br>Partido: PT<br>Voto: Sí<br>Orden en la fuente: 22"
"GACETA_L66_TABLA1OR1_2","PT","Favor",23,"León Rosas Rosalía","Sí",23,23,-1,"<b>León Rosas Rosalía</b><br>Partido: PT<br>Voto: Sí<br>Orden en la fuente: 23"
"GACETA_L66_TABLA1OR1_2","PT","Favor",24,"López Carrillo Vanessa","Sí",24,24,-1,"<b>López Carrillo Vanessa</b><br>Partido: PT<br>Voto: Sí<br>Orden en la fuente: 24"
"GACETA_L66_TABLA1OR1_2","PT","Favor",25,"López Ruíz José Antonio","Sí",25,1,-2,"<b>López Ruíz José Antonio</b><br>Partido: PT<br>Voto: Sí<br>Orden en la fuente: 25"
"GACETA_L66_TABLA1OR1_2","PT","Favor",26,"López Sánchez José Alejandro","Sí",26,2,-2,"<b>López Sánchez José Alejandro</b><br>Partido: PT<br>Voto: Sí<br>Orden en la fuente: 26"
"GACETA_L66_TABLA1OR1_2","PT","Favor",27,"Manzanilla Téllez Emilio","Sí",27,3,-2,"<b>Manzanilla Téllez Emilio</b><br>Partido: PT<br>Voto: Sí<br>Orden en la fuente: 27"
"GACETA_L66_TABLA1OR1_2","PT","Favor",28,"Martínez Arango Betzabé","Sí",28,4,-2,"<b>Martínez Arango Betzabé</b><br>Partido: PT<br>Voto: Sí<br>Orden en la fuente: 28"
"GACETA_L66_TABLA1OR1_2","PT","Favor",29,"Martínez Ruiz Maribel","Sí",29,5,-2,"<b>Martínez Ruiz Maribel</b><br>Partido: PT<br>Voto: Sí<br>Orden en la fuente: 29"
"GACETA_L66_TABLA1OR1_2","PT","Favor",30,"Martínez Ventura Luis Enrique","Sí",30,6,-2,"<b>Martínez Ventura Luis Enrique</b><br>Partido: PT<br>Voto: Sí<br>Orden en la fuente: 30"
"GACETA_L66_TABLA1OR1_2","PT","Favor",31,"Mejía Berdeja Ricardo Sóstenes","Sí",31,7,-2,"<b>Mejía Berdeja Ricardo Sóstenes</b><br>Partido: PT<br>Voto: Sí<br>Orden en la fuente: 31"
"GACETA_L66_TABLA1OR1_2","PT","Favor",32,"Merino Escamilla Nora Yessica","Sí",32,8,-2,"<b>Merino Escamilla Nora Yessica</b><br>Partido: PT<br>Voto: Sí<br>Orden en la fuente: 32"
"GACETA_L66_TABLA1OR1_2","PT","Favor",33,"Montalvo Luna José Luis","Sí",33,9,-2,"<b>Montalvo Luna José Luis</b><br>Partido: PT<br>Voto: Sí<br>Orden en la fuente: 33"
"GACETA_L66_TABLA1OR1_2","PT","Favor",34,"Morelos Rodríguez Carlos","Sí",34,10,-2,"<b>Morelos Rodríguez Carlos</b><br>Partido: PT<br>Voto: Sí<br>Orden en la fuente: 34"
"GACETA_L66_TABLA1OR1_2","PT","Favor",35,"Moreno Hernández Brígido Ramiro","Sí",35,11,-2,"<b>Moreno Hernández Brígido Ramiro</b><br>Partido: PT<br>Voto: Sí<br>Orden en la fuente: 35"
"GACETA_L66_TABLA1OR1_2","PT","Favor",36,"Nuñez Monreal Magdalena del Socorro","Sí",36,12,-2,"<b>Nuñez Monreal Magdalena del Socorro</b><br>Partido: PT<br>Voto: Sí<br>Orden en la fuente: 36"
"GACETA_L66_TABLA1OR1_2","PT","Favor",37,"Olivares Mejía Gerardo","Sí",37,13,-2,"<b>Olivares Mejía Gerardo</b><br>Partido: PT<br>Voto: Sí<br>Orden en la fuente: 37"
"GACETA_L66_TABLA1OR1_2","PT","Favor",38,"Ortiz Rodríguez Jorge Armando","Sí",38,14,-2,"<b>Ortiz Rodríguez Jorge Armando</b><br>Partido: PT<br>Voto: Sí<br>Orden en la fuente: 38"
"GACETA_L66_TABLA1OR1_2","PT","Favor",39,"Rojo Pimentel Ana Karina","Sí",39,15,-2,"<b>Rojo Pimentel Ana Karina</b><br>Partido: PT<br>Voto: Sí<br>Orden en la fuente: 39"
"GACETA_L66_TABLA1OR1_2","PT","Favor",40,"Sandoval Flores Reginaldo","Sí",40,16,-2,"<b>Sandoval Flores Reginaldo</b><br>Partido: PT<br>Voto: Sí<br>Orden en la fuente: 40"
"GACETA_L66_TABLA1OR1_2","PT","Favor",41,"Santiago Pineda Wblester","Sí",41,17,-2,"<b>Santiago Pineda Wblester</b><br>Partido: PT<br>Voto: Sí<br>Orden en la fuente: 41"
"GACETA_L66_TABLA1OR1_2","PT","Favor",42,"Sánchez González José Luis","Sí",42,18,-2,"<b>Sánchez González José Luis</b><br>Partido: PT<br>Voto: Sí<br>Orden en la fuente: 42"
"GACETA_L66_TABLA1OR1_2","PT","Favor",43,"Téllez Marín José Luis","Sí",43,19,-2,"<b>Téllez Marín José Luis</b><br>Partido: PT<br>Voto: Sí<br>Orden en la fuente: 43"
"GACETA_L66_TABLA1OR1_2","PT","Favor",44,"Vázquez Calixto Javier","Sí",44,20,-2,"<b>Vázquez Calixto Javier</b><br>Partido: PT<br>Voto: Sí<br>Orden en la fuente: 44"
"GACETA_L66_TABLA1OR1_2","PT","Favor",45,"Vázquez García Dionicia","Sí",45,21,-2,"<b>Vázquez García Dionicia</b><br>Partido: PT<br>Voto: Sí<br>Orden en la fuente: 45"
"GACETA_L66_TABLA1OR1_2","PT","Favor",46,"VAZQUEZ GONZALEZ PEDRO","Sí",46,22,-2,"<b>VAZQUEZ GONZALEZ PEDRO</b><br>Partido: PT<br>Voto: Sí<br>Orden en la fuente: 46"
"GACETA_L66_TABLA1OR1_2","PT","Favor",47,"Vázquez Ruíz Miriam de los Angeles","Sí",47,23,-2,"<b>Vázquez Ruíz Miriam de los Angeles</b><br>Partido: PT<br>Voto: Sí<br>Orden en la fuente: 47"
"GACETA_L66_TABLA1OR1_2","PVEM","Favor",1,"Acosta Islas Anabel","Sí",1,1,-1,"<b>Acosta Islas Anabel</b><br>Partido: PVEM<br>Voto: Sí<br>Orden en la fuente: 1"
"GACETA_L66_TABLA1OR1_2","PVEM","Favor",2,"Aguas Atlahua Benito","Sí",2,2,-1,"<b>Aguas Atlahua Benito</b><br>Partido: PVEM<br>Voto: Sí<br>Orden en la fuente: 2"
"GACETA_L66_TABLA1OR1_2","PVEM","Favor",3,"Alatriste Cantú Adolfo","Sí",3,3,-1,"<b>Alatriste Cantú Adolfo</b><br>Partido: PVEM<br>Voto: Sí<br>Orden en la fuente: 3"
"GACETA_L66_TABLA1OR1_2","PVEM","Favor",4,"Astudillo Suárez Ricardo","Sí",4,4,-1,"<b>Astudillo Suárez Ricardo</b><br>Partido: PVEM<br>Voto: Sí<br>Orden en la fuente: 4"
"GACETA_L66_TABLA1OR1_2","PVEM","Favor",5,"Avila Villegas Eruviel","Sí",5,5,-1,"<b>Avila Villegas Eruviel</b><br>Partido: PVEM<br>Voto: Sí<br>Orden en la fuente: 5"
"GACETA_L66_TABLA1OR1_2","PVEM","Favor",6,"Avilés Álvarez Alejandro","Sí",6,6,-1,"<b>Avilés Álvarez Alejandro</b><br>Partido: PVEM<br>Voto: Sí<br>Orden en la fuente: 6"
"GACETA_L66_TABLA1OR1_2","PVEM","Favor",7,"Bautista Villegas Oscar","Sí",7,7,-1,"<b>Bautista Villegas Oscar</b><br>Partido: PVEM<br>Voto: Sí<br>Orden en la fuente: 7"
"GACETA_L66_TABLA1OR1_2","PVEM","Favor",8,"Benavides Cobos Gabriela","Sí",8,8,-1,"<b>Benavides Cobos Gabriela</b><br>Partido: PVEM<br>Voto: Sí<br>Orden en la fuente: 8"
"GACETA_L66_TABLA1OR1_2","PVEM","Favor",9,"Bolaños Cacho Cué Raúl","Sí",9,9,-1,"<b>Bolaños Cacho Cué Raúl</b><br>Partido: PVEM<br>Voto: Sí<br>Orden en la fuente: 9"
"GACETA_L66_TABLA1OR1_2","PVEM","Favor",10,"Braña Mojica José","Sí",10,10,-1,"<b>Braña Mojica José</b><br>Partido: PVEM<br>Voto: Sí<br>Orden en la fuente: 10"
"GACETA_L66_TABLA1OR1_2","PVEM","Favor",11,"Cabrera Lagunas Ma. del Carmen","Sí",11,11,-1,"<b>Cabrera Lagunas Ma. del Carmen</b><br>Partido: PVEM<br>Voto: Sí<br>Orden en la fuente: 11"
"GACETA_L66_TABLA1OR1_2","PVEM","Favor",12,"Canturosas Villarreal Carlos Enrique","Sí",12,12,-1,"<b>Canturosas Villarreal Carlos Enrique</b><br>Partido: PVEM<br>Voto: Sí<br>Orden en la fuente: 12"
"GACETA_L66_TABLA1OR1_2","PVEM","Favor",13,"Carbajal Méndez Liliana","Sí",13,13,-1,"<b>Carbajal Méndez Liliana</b><br>Partido: PVEM<br>Voto: Sí<br>Orden en la fuente: 13"
"GACETA_L66_TABLA1OR1_2","PVEM","Favor",14,"Carrillo Soberanis Juan Luis","Sí",14,14,-1,"<b>Carrillo Soberanis Juan Luis</b><br>Partido: PVEM<br>Voto: Sí<br>Orden en la fuente: 14"
"GACETA_L66_TABLA1OR1_2","PVEM","Favor",15,"Cota Cárdenas Manuel Alejandro","Sí",15,15,-1,"<b>Cota Cárdenas Manuel Alejandro</b><br>Partido: PVEM<br>Voto: Sí<br>Orden en la fuente: 15"
"GACETA_L66_TABLA1OR1_2","PVEM","Favor",16,"Cruz Peláez Fatima Almendra","Sí",16,16,-1,"<b>Cruz Peláez Fatima Almendra</b><br>Partido: PVEM<br>Voto: Sí<br>Orden en la fuente: 16"
"GACETA_L66_TABLA1OR1_2","PVEM","Favor",17,"Cuanalo Araujo Jesús Martín","Sí",17,17,-1,"<b>Cuanalo Araujo Jesús Martín</b><br>Partido: PVEM<br>Voto: Sí<br>Orden en la fuente: 17"
"GACETA_L66_TABLA1OR1_2","PVEM","Favor",18,"De la Garza Villarreal Héctor Alfonso","Sí",18,18,-1,"<b>De la Garza Villarreal Héctor Alfonso</b><br>Partido: PVEM<br>Voto: Sí<br>Orden en la fuente: 18"
"GACETA_L66_TABLA1OR1_2","PVEM","Favor",19,"De la Mora Torreblanca Marco Antonio","Sí",19,19,-1,"<b>De la Mora Torreblanca Marco Antonio</b><br>Partido: PVEM<br>Voto: Sí<br>Orden en la fuente: 19"
"GACETA_L66_TABLA1OR1_2","PVEM","Favor",20,"De los Santos Flores Casandra Prisilla","Sí",20,20,-1,"<b>De los Santos Flores Casandra Prisilla</b><br>Partido: PVEM<br>Voto: Sí<br>Orden en la fuente: 20"
"GACETA_L66_TABLA1OR1_2","PVEM","Favor",21,"Delgado Carrillo Felipe Miguel","Sí",21,21,-1,"<b>Delgado Carrillo Felipe Miguel</b><br>Partido: PVEM<br>Voto: Sí<br>Orden en la fuente: 21"
"GACETA_L66_TABLA1OR1_2","PVEM","Favor",22,"Durán Reveles José Luis","Sí",22,22,-1,"<b>Durán Reveles José Luis</b><br>Partido: PVEM<br>Voto: Sí<br>Orden en la fuente: 22"
"GACETA_L66_TABLA1OR1_2","PVEM","Favor",23,"Espino Suárez Mayra","Sí",23,23,-1,"<b>Espino Suárez Mayra</b><br>Partido: PVEM<br>Voto: Sí<br>Orden en la fuente: 23"
"GACETA_L66_TABLA1OR1_2","PVEM","Favor",24,"Fernández Cruz Nayeli Arlen","Sí",24,24,-1,"<b>Fernández Cruz Nayeli Arlen</b><br>Partido: PVEM<br>Voto: Sí<br>Orden en la fuente: 24"
"GACETA_L66_TABLA1OR1_2","PVEM","Favor",25,"Fernández Martínez José Luis","Sí",25,1,-2,"<b>Fernández Martínez José Luis</b><br>Partido: PVEM<br>Voto: Sí<br>Orden en la fuente: 25"
"GACETA_L66_TABLA1OR1_2","PVEM","Favor",26,"Fonseca Galicia Celia Esther","Sí",26,2,-2,"<b>Fonseca Galicia Celia Esther</b><br>Partido: PVEM<br>Voto: Sí<br>Orden en la fuente: 26"
"GACETA_L66_TABLA1OR1_2","PVEM","Favor",27,"Gaitán Díaz María Graciela","Sí",27,3,-2,"<b>Gaitán Díaz María Graciela</b><br>Partido: PVEM<br>Voto: Sí<br>Orden en la fuente: 27"
"GACETA_L66_TABLA1OR1_2","PVEM","Favor",28,"Gali López José Antonio","Sí",28,4,-2,"<b>Gali López José Antonio</b><br>Partido: PVEM<br>Voto: Sí<br>Orden en la fuente: 28"
"GACETA_L66_TABLA1OR1_2","PVEM","Favor",29,"Gallardo García Fausto","Sí",29,5,-2,"<b>Gallardo García Fausto</b><br>Partido: PVEM<br>Voto: Sí<br>Orden en la fuente: 29"
"GACETA_L66_TABLA1OR1_2","PVEM","Favor",30,"Gallardo Juárez Ricardo","Sí",30,6,-2,"<b>Gallardo Juárez Ricardo</b><br>Partido: PVEM<br>Voto: Sí<br>Orden en la fuente: 30"
"GACETA_L66_TABLA1OR1_2","PVEM","Favor",31,"González Flandez Deliamaría","Sí",31,7,-2,"<b>González Flandez Deliamaría</b><br>Partido: PVEM<br>Voto: Sí<br>Orden en la fuente: 31"
"GACETA_L66_TABLA1OR1_2","PVEM","Favor",32,"Guevara Garza Carlos Alberto","Sí",32,8,-2,"<b>Guevara Garza Carlos Alberto</b><br>Partido: PVEM<br>Voto: Sí<br>Orden en la fuente: 32"
"GACETA_L66_TABLA1OR1_2","PVEM","Favor",33,"Hernández Pérez José Luis","Sí",33,9,-2,"<b>Hernández Pérez José Luis</b><br>Partido: PVEM<br>Voto: Sí<br>Orden en la fuente: 33"
"GACETA_L66_TABLA1OR1_2","PVEM","Favor",34,"Hernández Rodríguez Blanca Estela","Sí",34,10,-2,"<b>Hernández Rodríguez Blanca Estela</b><br>Partido: PVEM<br>Voto: Sí<br>Orden en la fuente: 34"
"GACETA_L66_TABLA1OR1_2","PVEM","Favor",35,"Herrera Borunda Javier Octavio","Sí",35,11,-2,"<b>Herrera Borunda Javier Octavio</b><br>Partido: PVEM<br>Voto: Sí<br>Orden en la fuente: 35"
"GACETA_L66_TABLA1OR1_2","PVEM","Favor",36,"Huerta Romero Azucena","Sí",36,12,-2,"<b>Huerta Romero Azucena</b><br>Partido: PVEM<br>Voto: Sí<br>Orden en la fuente: 36"
"GACETA_L66_TABLA1OR1_2","PVEM","Favor",37,"Licerio Valdés Hilda Magdalena","Sí",37,13,-2,"<b>Licerio Valdés Hilda Magdalena</b><br>Partido: PVEM<br>Voto: Sí<br>Orden en la fuente: 37"
"GACETA_L66_TABLA1OR1_2","PVEM","Favor",38,"Lomelí Robles Ana María","Sí",38,14,-2,"<b>Lomelí Robles Ana María</b><br>Partido: PVEM<br>Voto: Sí<br>Orden en la fuente: 38"
"GACETA_L66_TABLA1OR1_2","PVEM","Favor",39,"López Hernández Mario Alberto","Sí",39,15,-2,"<b>López Hernández Mario Alberto</b><br>Partido: PVEM<br>Voto: Sí<br>Orden en la fuente: 39"
"GACETA_L66_TABLA1OR1_2","PVEM","Favor",40,"Madrazo Silva Carlos Arturo","Sí",40,16,-2,"<b>Madrazo Silva Carlos Arturo</b><br>Partido: PVEM<br>Voto: Sí<br>Orden en la fuente: 40"
"GACETA_L66_TABLA1OR1_2","PVEM","Favor",41,"Madrid Pérez Ricardo","Sí",41,17,-2,"<b>Madrid Pérez Ricardo</b><br>Partido: PVEM<br>Voto: Sí<br>Orden en la fuente: 41"
"GACETA_L66_TABLA1OR1_2","PVEM","Favor",42,"Marín Rangel Iván","Sí",42,18,-2,"<b>Marín Rangel Iván</b><br>Partido: PVEM<br>Voto: Sí<br>Orden en la fuente: 42"
"GACETA_L66_TABLA1OR1_2","PVEM","Favor",43,"Mendoza Mondragón María Luisa","Sí",43,19,-2,"<b>Mendoza Mondragón María Luisa</b><br>Partido: PVEM<br>Voto: Sí<br>Orden en la fuente: 43"
"GACETA_L66_TABLA1OR1_2","PVEM","Favor",44,"Miranda Barrera Luis Enrique","Sí",44,20,-2,"<b>Miranda Barrera Luis Enrique</b><br>Partido: PVEM<br>Voto: Sí<br>Orden en la fuente: 44"
"GACETA_L66_TABLA1OR1_2","PVEM","Favor",45,"Nava García María del Carmen","Sí",45,21,-2,"<b>Nava García María del Carmen</b><br>Partido: PVEM<br>Voto: Sí<br>Orden en la fuente: 45"
"GACETA_L66_TABLA1OR1_2","PVEM","Favor",46,"Núñez Aguilar Ernesto","Sí",46,22,-2,"<b>Núñez Aguilar Ernesto</b><br>Partido: PVEM<br>Voto: Sí<br>Orden en la fuente: 46"
"GACETA_L66_TABLA1OR1_2","PVEM","Favor",47,"Noyola Cervantes Ma. Leonor","Sí",47,23,-2,"<b>Noyola Cervantes Ma. Leonor</b><br>Partido: PVEM<br>Voto: Sí<br>Orden en la fuente: 47"
"GACETA_L66_TABLA1OR1_2","PVEM","Favor",48,"Pedroza Jiménez Héctor","Sí",48,24,-2,"<b>Pedroza Jiménez Héctor</b><br>Partido: PVEM<br>Voto: Sí<br>Orden en la fuente: 48"
"GACETA_L66_TABLA1OR1_2","PVEM","Favor",49,"Pinete Vargas María del Carmen","Sí",49,1,-3,"<b>Pinete Vargas María del Carmen</b><br>Partido: PVEM<br>Voto: Sí<br>Orden en la fuente: 49"
"GACETA_L66_TABLA1OR1_2","PVEM","Favor",50,"Pérez Cuellar Alejandro","Sí",50,2,-3,"<b>Pérez Cuellar Alejandro</b><br>Partido: PVEM<br>Voto: Sí<br>Orden en la fuente: 50"
"GACETA_L66_TABLA1OR1_2","PVEM","Favor",51,"Puente Salas Carlos Alberto","Sí",51,3,-3,"<b>Puente Salas Carlos Alberto</b><br>Partido: PVEM<br>Voto: Sí<br>Orden en la fuente: 51"
"GACETA_L66_TABLA1OR1_2","PVEM","Favor",52,"Quiroga Treviño Luis Orlando","Sí",52,4,-3,"<b>Quiroga Treviño Luis Orlando</b><br>Partido: PVEM<br>Voto: Sí<br>Orden en la fuente: 52"
"GACETA_L66_TABLA1OR1_2","PVEM","Favor",53,"Ramírez Ramos Antonio de Jesús","Sí",53,5,-3,"<b>Ramírez Ramos Antonio de Jesús</b><br>Partido: PVEM<br>Voto: Sí<br>Orden en la fuente: 53"
"GACETA_L66_TABLA1OR1_2","PVEM","Favor",54,"Salomón Durán Ciria Yamile","Sí",54,6,-3,"<b>Salomón Durán Ciria Yamile</b><br>Partido: PVEM<br>Voto: Sí<br>Orden en la fuente: 54"
"GACETA_L66_TABLA1OR1_2","PVEM","Favor",55,"Santana González Ana Erika","Sí",55,7,-3,"<b>Santana González Ana Erika</b><br>Partido: PVEM<br>Voto: Sí<br>Orden en la fuente: 55"
"GACETA_L66_TABLA1OR1_2","PVEM","Favor",56,"Scherer Pareyon Julio Javier","Sí",56,8,-3,"<b>Scherer Pareyon Julio Javier</b><br>Partido: PVEM<br>Voto: Sí<br>Orden en la fuente: 56"
"GACETA_L66_TABLA1OR1_2","PVEM","Favor",57,"Sánchez Juárez Claudia","Sí",57,9,-3,"<b>Sánchez Juárez Claudia</b><br>Partido: PVEM<br>Voto: Sí<br>Orden en la fuente: 57"
"GACETA_L66_TABLA1OR1_2","PVEM","Favor",58,"Trujillo Trujillo Karina Alejandra","Sí",58,10,-3,"<b>Trujillo Trujillo Karina Alejandra</b><br>Partido: PVEM<br>Voto: Sí<br>Orden en la fuente: 58"
"GACETA_L66_TABLA1OR1_2","PVEM","Favor",59,"Valladares Eichelmann Juan Carlos","Sí",59,11,-3,"<b>Valladares Eichelmann Juan Carlos</b><br>Partido: PVEM<br>Voto: Sí<br>Orden en la fuente: 59"
"GACETA_L66_TABLA1OR1_2","PVEM","Favor",60,"Villarreal Solís Gerardo","Sí",60,12,-3,"<b>Villarreal Solís Gerardo</b><br>Partido: PVEM<br>Voto: Sí<br>Orden en la fuente: 60"
"GACETA_L66_TABLA1OR1_2","PVEM","Favor",61,"Villatoro Osorio Jorge Luis","Sí",61,13,-3,"<b>Villatoro Osorio Jorge Luis</b><br>Partido: PVEM<br>Voto: Sí<br>Orden en la fuente: 61"
"GACETA_L66_TABLA1OR1_2","PVEM","Favor",62,"Winkler Trujillo Cindy","Sí",62,14,-3,"<b>Winkler Trujillo Cindy</b><br>Partido: PVEM<br>Voto: Sí<br>Orden en la fuente: 62"
"GACETA_L66_TABLA1OR1_2","SP","Ausente",1,"Mendoza Arias Guadalupe Araceli","Ausente",1,1,-1,"<b>Mendoza Arias Guadalupe Araceli</b><br>Partido: SP<br>Voto: Ausente<br>Orden en la fuente: 1"
